[이 주명 농식품 부 농업정책국장 지자체와 농촌 기관을 통해 기 배포된 폭염 시 농업인 행동 요령과 가축 및 축사관리 요령을 철저히 이행해서 폭염으로 인한 피해를 일단은 예방할 수 있도록 하는 것이 최선입니다.],0
농식품 부는 또 농작물과 가축 재해보험에 가입해 폭염 피해 등 재해에 대비하는 것도 중요 하다고 강조했습니다.,0
집중 호우에는 차량이 침수될 가능성이 큽니다.,0
조금이라도 침수된 지하 차도와 도로는 절대 지나가지 말고 만약 차량이 물에 잠겼다면 즉시 시동을 꺼야 합니다.,0
[ 기자] 기록 적인 폭염으로 축산 농가에 피해를 안겨 준 지난해 여름. 견디기 힘든 무더위는 돼지고기 생산량 감소로 이어졌습니다.,1
피서철을 맞아 산간 계곡이나 강가를 찾으신다면 기습적인 비로 피해 입지 않도록 주의해 주셔야 겠습 니다.,0
폭염이 맹위를 떨치며 일사병 열사병 등의 온 열 질환도 비상입니다.,0
하지만 이번에도 수도권과 영서 지방에는 120mm 가 국지성 호우가 쏟아질 것으로 보야 비 피해가 우려됩니다.,0
산사태와 축대 붕괴 침수 피해 등에 철저히 대비해 주시기 바랍니다.,0
[ 앵커] 전국에 불볕 더위가 기승을 부리면서 대부분 지역에 폭염 특보가 내려졌는데요. 사람들은 찜통 더위를 피해 바닷가와 계곡으로 몰렸습니다.,0
이런 날씨에는 일사병과 열사병 등 온 열 질환에 걸릴 가능성도 급증하는데요. 한낮 장시간의 야외활동은 자제해 주시고요.,0
■ 문 재인 대통령은 신임 이 개호 농림부 장관에게 임명장을 수여한 뒤 폭염과 가뭄으로 농가피해가 심각 하다며 추석물가에 압박이 가지 않도록 역량을 모아 달라고 당부했습니다.,1
장마 중에 찾아오는 무더위는 높은 습도 탓에 일사병과 열사병 등 온 열 질환 위험이 더 큽니다.,0
특히 폭염 주의보가 내려지면 일사병 열사병 발병률이 평소보다 4 배 이상 높아 집니다.,1
지난달 29일 부 다 페스트 다뉴브 강에서 한국인 관광객 33명이 탄 유람선 허블 레 아니 호가 침몰하면서 구조된 7명을 제외하고 현재까지 23명이 숨진 것으로 확인됐습니다.3,0
최근 찜통 더위가 연일 이어진 가운데 전 남지역에서 가축과 양식 어류 폐사가 속출하고 있습니다.,1
전라 남도는 지난달 10일부터 어제까지 도내 19개 시· 군에서 닭과 오리 돼지 등 가축 43만 6천 마리가 폭염으로 폐사했다고,1
이는 지난 4일까지 폭염으로 가축 32만 마리가 폐사한 데 이어 나흘 만에 추가로 10만 마리 넘는 가축이 폐사한 것이라고 덧붙였습니다.,1
가축 종류별로는 닭이 39만 6천 마리로 가장 많았고 오리 3만 9천 마리 돼지 천여 마리로 조사됐습니다.,0
연일 이어지는 불볕 더위로 인해 올해 열사병 등 온 열 질환자 수가 작년 같은 기간보다 2 배 이상 늘어난 것으로 나타났습니다.,1
또 경북에서 2명 경남과 전 남 광주 등에서 1 명씩 온 열 질환으로 숨진 것으로 집계됐습니다.,0
현재 영동과 경북 내륙에 건조주의 보가 발효 중인 가운데 영동 지역은 오늘 저녁부터 바람도 강하게 불 것으로 보이니까요 산불 등 화재 사고가 나지 않도록 조심하시기 바랍니다.,0
반면 가거 도는 바람이 초속 12m 로 강하게 불어 출 조를 피해 주셔 야겠 습니다.,0
어제 오전 경기도 화성에 있는 자동차 폐 분진 재활용 공장에서 난 불이 아직도 진화되지 않고 있습니다.,0
천만다행으로 지나던 사람이 없어 인명피해는 없었습니다.,0
■ 6 층짜리 상가 건물 외벽 외장재 강풍에 ’ 와르르’ 김 포에서는 6 층짜리 상가 건물 외벽 외장 재가 강풍에 떨어져 나갔고 안양의 한 아파트에서도 외장재가 떨어져 나가는 등 태풍 레 끼 마의 영향으로 수도권에서도 강풍 피해가 잇달았습니다.,1
■ 자동차 폐 분진 재활용 공장 불… 아직도 진화 안 돼 공장 안이 시뻘건 불덩이로 가득 합니다.,0
자동차 프레임을 제작하는 과정에서 발생하는 폐 분진을 재활용하는 곳입니다.,0
금속분 말이 물과 반응하면 폭발할 가능성이 커 소화 약제를 화재 면에 덮고 굴착기로 폐 금속 분을 옮기는 방법으로 불을 끄느라 진화가 더디기만 합니다.,0
특히 남해안을 중심으로 시간당 30mm 이상의 강한 비가 쏟아지는 곳이 있을 것으로 보이니까요. 호우피해 나지 않도록 대비하시기 바랍니다.,0
찜통 더위가 기승을 부리면서 올해 온 열 질환으로 모두 3명이 숨졌는데요. 온 열 질환은 고온에 노출돼 발생하는 열사병 열 탈진 열경련 열 실신 등의 질환을 말합니다.,1
폭염 특보가 내려지면 열사병과 탈진 등 온 열 질환의 위험성이 큽니다.,0
찜통 더위를 피해 해수욕장으로 몰린 시민이 많다고,0
심해 지는 폭염에 일사병과 탈진 등 온 열 질환의 위험성이 큽니다.,0
비 피해에 각별히 주의하시기 바랍니다.,0
50 대 등산객이 열사병 증세를 보이며 쓰러졌습니다.,1
소방 구조대는 박 씨가 열사병 증세를 보여 체온을 떨어뜨리기 위해 냉찜질 등을 한 뒤 병원으로 옮겼다고,1
특히 해안가에는 강풍 특보가 내려질 것으로 보이니까요 피해 없도록 주의하시기 바랍니다.,0
게다가 대조 기의 진행으로 저지대엔 침수 위험까지 있어서 출 조는 꼭 미루셔야겠습니다. 동해안에도 태풍의 영향이 미치면서 출 조 할 포인트를 찾기 어렵습니다.,0
게다가 성산포에선 해수면 상승으로 인해 침수 가능성이 높으니까요. 안전을 위해 출 조는 삼가시고 실내 활동으로 시간을 보내시기 바랍니다.,0
올림픽 주최 측은 안개 스프레이와 에어컨 텐트 등을 설치해 무더위와 싸우고 있지만 이날 철인 3 종 경기에 참여한 프랑스 대표 카산 드라 보그랑은 병원으로 옮겨 져 열사병 치료를 받은 것으로 알려 졌다.,1
불이 나자 공장 안에 있던 근로자 20명이 대피해 다친 사람은 없었습니다.,0
폭염에 지친 사람들 정전피해 열대야 피해 밖으로 가축 폐사,1
비 피해 계속 우려되고 있습니다.,0
전국 대부분 지역에 폭염 특보가 내려져 있는데요. 많은 피서객이 더위를 피해 이 곳 대천 해수욕장을 찾았습니다.,0
[ 앵커] 초복과 함께 찾아온 무더위에 일사병과 열사병 같은 온 열 질환에도 주의해야겠습니다. 되도록 한낮 야외활동은 피하고 갈증이 나지 않더라도 물을 자주 마시는 게 좋습니다.,0
올해 들어서도 벌써 230명이 일사병과 열사병 등으로 병원을 찾았고 이 가운데 2명이 숨졌습니다.,0
[ 성은 주 강북 삼성병원 가정의학과 교수 가볍게는 열에 의해 피로를 느낀다 든가 점점 심하게는 탈진 의식 소실에 이르기까지 다양한 증상이 나타날 수 있습니다.],0
인천시는 무더위에 가축 질병 피해가 우려됨에 따라 축산 농가를 대상으로 집중 방역관리에 나서기로 했습니다.,0
무더위가 지속하면 가축들은 고온 스트레스 때문에 사료 섭취량과 소화율이 감소하고 열사병이 발생할 수 있습니다.,0
인천시 관계자는 그늘 막 설치와 물 뿌리 기 적정 사육 마 릿 수 유지 등 여름철 가축 관리를 철저히 해 폭염 피해가 발생하지 않도록 대비할 것을 당부했습니다.,0
캘 리 포 이아 주 스키 휴양지인 빅 베어 와 새 크라 멘 토 지역에 산불이 나서 피해가 발생했습니다.,0
더위를 피해서 재미있게 물놀이 즐기시고 돌아가실 때는 본인의 쓰레기도 직접 챙겨 환경을 생각하는 멋진 모습도 잊지 말 아야겠습니다.,0
[ 기자 ]4 살 남자 어린이가 유치원 통학버스에서 발견된 것은 오후 4시 반쯤 폭염 피해를 미리 막기 위한 긴급 재난 문자가 전 국민에게 전달된 당일이었습니다.,1
피해 없도록 대비 잘해 주시기 바랍니다.,0
중국 남동부 일대에 연일 불볕 더위가 이어지면서 열사병으로 20여 명이 숨진 것으로 파악됐습니다.,1
현지 언론들은 지난 한 주 사이 안 후 이성에서 4명 장쑤성에서 16명 산둥성에서 6명 그리고 상하이에서 1명이 열사병으로 숨진 것으로 집계됐다고,1
신한 은행으로 자동 납부를 하는 가입자들 만 피해를 봤습니다.,0
볼 수 있는데 일반적으로 대질조사는 정말 명백한 증거가 있으면 그러니까 우리가 빼도 박도 못한다는 얘기를 하는데. 그러한 증거가 있으면 대질조사할 필요가 없어요.,0
그런 데 일반적으로 협박성인데 이게 법률적인 걸 피해 가면서 뭔 가 노골적으로 보이지 않게 하기 위해서 대부분 뒤에다가 참고로 이런 것을 씁니다.,0
안 봤느냐라는 특검과 김 경수 지사와의 창과 방패의 싸움은 논외로 치더라도 그 부분은 피해 가든 어떻게 되든 간에 결론이 나더라도 일단 김 경수 지사가 이 사건이 초반에 터졌을 때 경찰 조사나 언론을 통해서 밝혔던 내용과 지금 상당 부분 진실이 거짓말로 드러난 게 많잖아요.,0
이것은 국민들에게 다양한 의견을 받는 양식은 아닌 것이죠.,0
BMW 화재에 대한 대처 문제 이것도 중요한 문제인데 저는 그 두 가지가 끌어내리는 데 결정적인 요소라고 는 보지 않아요.,0
그래서 저게 지금 상당히 화재가 되고 있는데. 결국 당대표 선거하는 데 있어서 플러스요인은 아니고 마이너스 요인은 될 수 있다고,0
폭염과 가뭄은 농작물의 저항력을 떨어뜨리고 해충이 번식하기에 좋은 조건이어서 초기에 방제해야 피해를 줄일 수 있습니다.,0
콩이나 채소 등에 발생하는 파 밤나방의 애벌레로 이 지역의 1ha 가 넘는 콩밭이 피해를 봐 농사를 망치게 됐습니다.,0
주로 잎이나 작은 줄기에 매달려 즙을 빨아 먹는 미국 선녀벌레로 과일의 상품성을 떨어뜨려 피해를 줍니다.,0
[ 홍성 준 농촌 진흥청 재해 대응과 농업 연구사 해충의 경우 어린 시기보다 컸을 때 피해가 더 크기 때문에 어린 시기에 예방적으로 적용 약제를 살포해야 피해를 줄일 수 있습니다.],0
유례없는 폭염과 가뭄에다 해충까지 겹치면서 농촌은 이중 삼중의 피해가 우려됩니다.,0
농사용 전기는 누진제가 적용되지 않아 가정용보다 공급 단가가 낮기 때문에 일부 농가가 농사용을 집에서 사용하는 불법을 저지르는 것입니다.500,0
일사병이나 열사병의 위험이 큰 만큼 야외활동을 자제하는 게 좋겠습니다.,0
특히 화요일에는 중부 지방을 중심으로 돌풍과 벼락을 동반한 국지성 호우가 예상되니까요. 비 피해 없도록 미리 주변 점검 꼼꼼히 해 주시기 바랍니다.,0
그해 여름 드라마 제작 현장에서 주인공 역의 배우가 탈진해 쓰러지는 가 하면 사극 촬영장에서는 수염이 자주 떨어져 제작진의 짜증을 돋웠다고,0
기상청은 오늘 밤부터 주말까지 집중 호우로 인해 산사태나 침수 피해가 발생할 것으로 우려된다고 말하고 철저한 대비를 당부했습니다.,0
[ 김병원 농협 중앙회장 적극적으로 농협은 농기계를 동원한 농가 노동력을 해소를 하기 위해서 여러 가지 대책을 강구하도록 그렇게 생각을 하고 있습니다.],0
엄마 아빠랑.] 입고 있는 방화 복 무게만 3.8kg 달리기와 화재 진압 구조 훈련을 할 때 공기호흡기와 안전화까지 착용하면 20kg까지 무게가 늘어납니다.,0
[ 임 승원 서울 소방학교 교육생 이런 더위에도 화재 현장의 열기를 생각하면서 시민들의 안전을 위해 훈련하고 선배님 들 의 얼굴에 먹칠하지 않게 열심히 하는 104 기가 되도록 노력하겠습니다.],0
경찰은 오늘부터 BMW 화재 고소사건에 대한 본격적인 조사에 들어갑니다.,0
남해 안과 경기 서해안에는 태풍의 간접 영향과 대조기가 겹치면서 해수면 높이가 높아 질 것으로 보여 침수 피해 대비가 필요합니다.,0
최근엔 각종 도시 개선 사업으로 녹지 공간의 비율이 높아 지면서 말벌이 서식할 수 있는 공간이 늘어나면서 피해 우려가 커졌습니다.,0
소 방청은 벌 쏘임 피해가 속출하는 만큼 벌집을 섣불리 제거하거나 벌을 자극하지 말고 119에 신고해 달라고 당부했습니다.,0
빗길 교통사고와 급류로 2명이 숨졌고 정전과 누수 도로 함몰 등의 피해도 잇따랐습니다.,1
이미 많은 비가 내려 지반이 약 해져 있는 만큼 피해 없도록 대비 잘해 주시기 바랍니다.,0
중앙 재난안전대책본부와 국민안전 처는 오늘 충북 도청 대회의 실에서 충북 지역 호우 피해 조사에 나서는 중앙 합동 조사단 교육을 가졌습니다.,0
사전교육을 마친 합동 조사단은 오는 28일까지 수해 지역을 대상으로 정확한 피해 규모를 집계할 예정입니다.,0
충북 지역 수해 피해액은 지금까지 570억 원으로 잠정 집계됐습니다.,0
청주가 가장 큰 피해를 입어 320억 원이 넘어섰고 괴 산도 100억 원에 가까운 침수 피해를 봤습니다.,0
주택도 천여 동이 넘게 파손되거나 침수 피해를 보았고 3천 5백여 ㏊ 의 농경지가 물에 잠겼던 것으로 파악됐습니다.,1
추석 대목을 앞두고 농어민들은 그저 무심한 하늘만 쳐다볼 수밖에 없는데요. 폭염과 가뭄 때문에 가축과 어류 수백만 마리가 떼죽음을 당했고 농작물은 열기를 버티지 못하고 타 버렸습니다.,1
[ 김철 물고기 양식 어민 고수 온에 이렇게 많은 고기가 죽어서 안 좋은데 적조까지 와 버리면 어민들은 어떻게 할 방법이 없습니다.],0
피해 없도록 조심하셔야겠습니다.[ 앵커] 요즘 습도가 높아서 모발이 축축 늘어지는데 드라이어로 말릴 때 따뜻한 바람이 좋다 고요[ 기자] 드라이어의 따뜻한 바람은 머리 볼륨을 살려 주고 찬 바람은 고정하는 역할을 합니다.,0
[ 앵커] 폭염으로 바닷물 온도가 달궈 지면서 충남 서해안 천수만 일대 양식장에서도 우럭이 집단 폐사했습니다.,1
액화 산소를 투입하는 등 어민들이 피해 예방에 총력전을 벌였지만 물고기들은 한 달 가까이 이어진 고수 온을 이겨 내지 못했습니다.,0
[ 기자] 충남 서산 천수만 일대 가두리 양식장입니다.,0
폐사한 물고기들이 계속 떠오르면서 양식장은 물고기의 무덤으로 변해 버렸습니다.,0
지난 17일부터 우 럭 12만 마리가 폐사해 2억 원 넘는 피해가 발생한 것으로 잠정 집계됐으나 바닥에 가라앉은 물고기는 그 수를 헤아릴 수 없을 정도입니다.,0
액화 산소를 투입하는 등 피해를 막기 위해 안간힘을 썼지만 어민들의 노력은 모두 물거품이 됐습니다.,0
[ 구 본풍 서산시 부시장 폐 사체를 빨리 잘 치워야 추가 피해가 없기 때문에 이 부분을 최대한 신속하게 처리하는 것을 행정적으로 지원하고 어민들의 보상 문제는 보험사와 협의해서 처리할 예정입니다.],0
바닷물 수온을 내려 줄 태풍이 뒤늦게 북상하고 있다지만 양식장 시설물 피해까지 우려돼 어민들의 시름은 더 깊어지고 있습니다.,0
대기도 점차 건조 해지고 있는 만큼 화재 예방에 각별히 신경 써 주시기 바랍니다.,0
[ 기자] 홍천군에 있는 내수면 양식장입니다.,0
[ 허 남 규 민물 메기 양식장 대표 하루 두 번 세 번이고 무조건 보이는 대로 죽은 물고기 건지는 게 제 일과예요.,0
시설물 피해 없도록 조심하시기 바랍니다.,0
중국 관영 매체 글로벌 타임스는 중국에서 가장 긴 강인 양 쯔 강 중 하류 일대 수위가 위험 수준에 도달하면서 남부 지방에 심각한 홍수 피해가 나고 있다고,1
피해가 가장 심각한 후난 성은 지난달 평균 강우량이 1951년 기상 관측 이래 최고를 기록했고 14개 지역에서 이재민 403만 명이 발생했습니다.,1
폭염이 사실 어제 오늘 좀 나아졌지만 8월 중순까지 이어진다고 하니까 정말 정부 각 부처에서 폭염의 피해 예방과 전력 수급 관리에 만전을 먼저 기해야 된다고 생각합니다.,0
그래서 폭염 한파도 특별 재난으로 추가해서 국가 차원에서 피해 예방과 지원을 해 주는 내용의 법 개정을 검토하겠습니다.,0
또 북한 남부나 휴전선 부근으로 이동한다면 폭염은 꺾이겠지만 태풍 피해가 우려되죠.,0
열사병과 탈진 위험성이 무척 큰 만큼 반드시 한낮에 장시간 실외활동은 피하시기 바랍니다.,0
수요일 밤 제주도를 지나 목요일 새벽에는 목포 부근 육상에 상륙할 것으로 보이고 이후 한반도를 관통해 동해 상으로 진출하겠는데요. 초속 40m 가 넘는 강풍과 400mm 가 넘는 폭우가 쏟아지겠고 특히 남해 안과 서해안에는 해일 피해도 우려됩니다.,0
엄마 아빠랑.] 입고 있는 방화 복 무게만 3.8kg 달리기와 화재 진압 구조 훈련을 할 때 공기호흡기와 안전화까지 착용하면 20kg까지 무게가 늘어납니다.,0
[ 임 승원 서울 소방학교 교육생 이런 더위에도 화재 현장의 열기를 생각하면서 시민들의 안전을 위해 훈련하고 선배님 들 의 얼굴에 먹칠하지 않게 열심히 하는 104 기가 되도록 노력하겠습니다.],0
장비와 인력도 부족한 데 찌는 듯한 더위까지 이어지면서 피해 주민들은 애를 먹고 있습니다.,0
미처 대비하지 못한 상황에서 시간당 90mm 가 넘는 폭우가 쏟아지면서 피해가 심각합니다.,1
하천 바로 옆에 있는 마을이다 보니 피해가 더 컸습니다.,0
중장비도 동원했지만 피해가 워낙 커 복구에는 상당한 시간이 걸릴 것으로 보입니다.,0
찌는 듯한 무더위 역시 피해 주민을 힘들게 만들고 있습니다.,0
폭염 주의보가 내려질 정도로 가마솥 더위가 이어지고 있는데요. 이 마을은 주택 대부분이 침수돼 주민들이 컨테이너나 차량에서 잠을 청했습니다.,0
지금까지 충북에서 수해로 7명이 사망했고 피해 금액은 어제보다 100억 원 늘어난 295억 원으로 잠정 집계됐습니다.,0
주택 800 여 채가 피해를 봐 이재민은 1800여 명이나 발생했고 빗물과 토사에 잠긴 농경지는 3200ha에 달합니다.,1
오늘 귀국한 박봉 순 의원은 지역구가 침수 피해를 봤지만 지역구를 뒤로 한 채 외유성 연수를 떠났습니다.,0
한편 연휴 길어 지며 피해 보거나 오히려 소외 받는 사람에 대한 세심한 지원 마련할 필요가 있습니다.10,0
또 한 집중 호우 폭염 등 재해피해 금융지원 보험금 지급 차질 없는지 살펴봐야 한다.,0
이번 태풍은 특히 강풍 피해가 클 것으로 우려됩니다.,0
선박은 안전한 곳으로 대피시키고 해안가 안전사고와 침수 피해가 없도록 대비해 주시기 바랍니다.,0
또 자연산 민어 경락 가는 1년 전 이맘때보다 무려 60 나 올랐고 참돔과 광어는 지난해 평균가격보다도 각각 50와 30 비싸졌습니다. 이처럼 수산물 가격이 급등한 것은 유례없는 폭염으로 고수 온 현상으로 폐사한 수산물이 많아 출하량이 줄어들었기 때문으로 풀이 됩니다.,1
하지만 해안과 산간 지역에 집중되면서 다행히 큰 피해로 이어지지는 않았습니다.,0
태풍은 이번 목요일쯤 강한 세력을 유지한 채 한반도를 관통할 것으로 보여 엄청난 피해가 우려됩니다.,0
비바람이 더 강한 태풍 진행 방향의 오른쪽 위험 반원에 놓여 엄청난 피해가 우려됩니다.,0
[ 유희 동 기상청 예보국장 태풍의 동쪽 위험 반경에 우리나라 대부분이 들어오기 때문에 지금 상황은 매우 위험 하다고 볼 수 있고….] 기상 청은 초속 40m 가 넘는 폭풍과 400mm 가 넘는 폭우가 동반되고 서해안과 남해안에는 해일 피해도 우려된다며 철저한 대비를 당부했습니다.,0
대 강 전체에 녹 조가 번지고 있고 다음 달 추석을 앞둔 과수 농가도 비상입니다.,0
과수 농가도 힘겹습니다.,0
유례를 찾기 힘든 폭염에 강이며 들녘이며 피해가 점점 더 커지고 있습니다.,1
중부는 비 피해에 남부는 건강 관리에 주의를 기울이는 하루 되시기 바랍니다.,0
기상청은 폭염 주의보가 내려지면 일사병이나 열사병 온 열 질환 가능성이 커진다며 노약자는 낮 동안 외출을 자제하고 물을 자주 마시는 등 건강 관리에 유의해 달라고 당부했습니다.,0
내일과 모레 우리나라는 19호 태풍 ' 솔 릭' 의 직접 영향권에 들 것으로 보여 피해가 우려됩니다.,0
내일과 모레 사이 서해와 남해 상에는 물결이 최대 8m까지 높게 일며 해일 피해도 우려됩니다.,0
폭염 특보가 내려지면 열사병과 탈진 등 온 열 질환 가능성이 무척 높습니다.,0
산불 등 화재 사고 발생하지 않도록 불씨 관리 철저히 해 주시기 바랍니다.,0
도 안팎의 살인적인 더위에 인명피해가 속출하고 물고기까지 떼죽음을 당했습니다.,1
[ 기자] 중국 내륙 쓰촨 성 다 저 우시의 한 양식장. 연일 계속되는 폭염에 물고기 수만 마리가 떼죽음을 당했습니다.,0
[ 양식장 주인 어제 양식장에 가 보니 수온이 높아 졌고 물고기는 이미 다 죽어 있었습니다.],0
지난 한 주 동안 계속된 폭염으로 안후이 성 허페이에서 최소 4명이 장쑤 성에서 16명 산 둥 성에서 6명이 숨지는 등 인명피해도 속출하고 있습니다.,1
[ 기자] 연 일 계속되는 불볕 더위에 통학차량에 갇혀 숨진 4살 어린이.[ 김 양 유족 어린아이가 안 보이면 찾아야 당연한 거 아니에요],1
폭염 속에 어린이가 숨졌던 통학차량과 같은 차종입니다.,1
실제 지난 2016년 한해에만 보육교사의 아동 학대 사례는 6백 건에 달했고 피해는 3살도 안 된 아이들에게 집중됐습니다.,0
질병관리본부는 지난 3일부터 8일까지 6일 동안 열 탈진과 열사병 열 실신 등 온 열 질환으로 병원을 찾은 환자가 74명으로 집계됐다고 밝혔습니다.,1
열사병과 탈진 등 온 열 질환에 각별히 주의하시기 바랍니다.,0
크게 열 탈진과 열사병 두 가지로 볼 수 있는데요. 열 탈진은 우리가 흔히 ' 더위 먹었다' 라로 표현하는 질환이라고 보면 됩니다.,0
열사병도 발생 원인도 열 탈진과 같습니다.,0
하지만 열사병은 극심한 탈수 현상이 일어나고 체온이 높아 지면서 의식을 잃게 되는데요 심한 경우 심각한 뇌 손상을 입거나 사망에 이를 수 있습니다.,0
따라서 열사병이 의심되면 그늘로 옮긴 뒤 체온을 낮춰 주고 신속하게 병원으로 옮겨야 합니다.,0
또 열 탈진과는 달리 환자에게 물을 먹이는 건 금물입니다.,0
[ 앵커] 계속되는 가뭄으로 농작물 피해가 커지고 있는 가운데 병해충 발생도 늘고 있습니다.,1
가뭄에다 더위까지 겹친 탓으로 보이는데 물 부족에 이어 병충해 방제까지 농가가 이중고를 겪고 있습니다.,0
주범은 멸 강 나방의 애벌레. 매년 중국에서 날아와 장마 전까지 벼와 옥수수 등에 피해를 주는데 올해 우리나라에 가뭄과 고온이 계속돼 예년보다 2 배나 많이 발생했습니다.,1
알에서 깨어난 지 얼마 안 된 어린 벌레로 7월이면 성충이 돼서 농작물로 옮겨갑니다.,0
최근 가뭄이 계속돼 큰 피해가 우려됩니다.,0
[ 신종덕 경기도 농업 기술원 연구사 외래 돌발해 충들이 성충이 되면 이동이 많고 더 많은 피해를 줄 수 있습니다.,0
요즘같이 어린 벌레일 때 방제를 서두름으로써 피해를 줄일 수 있습니다.],0
물고기 떼죽음은 물론 수돗물 안전도 장담할 수 없다는 우려마저 나오고 있다.,0
한강에는 밤 더위를 피해 나온 시민들이 많다고,0
폭염 특보가 내려지면 열사병과 탈진 등 온 열 질환 가능성이 무척 높습니다.,0
황 총리는 또 쪽 방촌 주거환경 개선과 화재 예방 안전 점검 강화 보건의료 서비스와 편의 시설 확충 등을 약속했습니다.,0
특보 지역은 일사병과 탈진 등 온 열 질환 위험이 큽니다.,0
전국의 강과 바다 그리고 계곡에는 무더위를 피해 몰려든 사람들 로 연일 붐비고 있습니다.,0
이런 날에는 일사병과 열사병 같은 온 열 질환에 걸릴 가능성이 크니까요. 한낮 장시간의 야외활동은 피하시는 게 좋겠습니다.,0
시설물 피해와 안전사고에 각별히 주의하시기 바랍니다.,0
폭염에 이어 호우 피해가 우려되는 만큼 주변 시설물 관리가 필요합니다.,0
지난달 20 일 섭씨 48.3 도로 미국 내 도시지역 기상관측 사상 최고 기온 신기록을 세운 미 애리 조나 주에서 이번에는 홍수로 9명이 숨지는 등 인명 피해가 발생했습니다.16,1
일 현지언론에 따르면 애리 조나 주 톤 토 국유림에서 전날 폭우로 갑자기 강물이 불어나면서 9명이 급류에 휩쓸려 숨졌습니다.,1
쉽게 말해 입이나 코가 막혀서 숨졌다는 건데 보육교사가 이불로 덮고 누른 게 직접적인 사인이었던 것으로 추정됩니다.,0
다만 숨진 여아의 옷에 약간의 흙이 발견돼 숨지기 전 의자에서 떨어져 깨어났던 것으로 추정됩니다.,0
[ 정 전 피해 아파트 주민 펑 하는 소리가 나면서 1동에서 2동 그다음 전체적으로 불이 나가 버렸어요,0
[ 김창 석 정전 피해 아파트 주민 선풍기도 안 들어오고 날씨는 덥고 잠을 자야 하는데 잠은 못 자고. 물도 먹어야 하는데 찬물도 안 나오고 하니까 불편한 게 많지요.],0
경기도 파주시 와 동동의 한 아파트 단지에서도 정전으로 엘리베이터에 주민이 갇혔다가 구조되는 등 폭염 속 정전 피해가 이어졌습니다.,1
왜 이렇게 다들 피해 가는 거예요,0
주 중반 극심한 폭염은 꺾이겠지만 6년 만에 상륙하는 태풍 ' 솔 릭' 의 영향으로 피해가 우려됩니다.,0
이 밖에도 화재와 수난 사고 출동 건수도 각각 360여 건 100여 건이 증가했습니다.,0
소 방청은 기록 적인 폭염 속 출동 사례가 늘면서 일선 소방 대원들이 탈진하는 것을 막기 위해 얼음 조끼와 팩 등을 지급하는 등 안전 관리를 강화하고 있습니다.,0
특히 동해안에는 건조 주의보가 내려진 가운데 기온도 크게 오르면서 화재 위험성이 높습니다.,0
산불 등 화재 예방에 각별히 유의해 주시기 바랍니다.,0
[ 앵커] 미국 캘리포니아에 대형 산불이 잇따라 발생하며 피해가 속출하고 있습니다.,0
거의 서울 면적과 비슷한 규모로 타들어 가고 있는데요. 지구 온난 화가 주요 원인으로 지목되고 있습니다.,0
이번 산불은 규모 면에서 40여 명이 숨진 지난 10월 수준을 능가하고 있습니다.,0
[ 스티브 앤드 러 스케즈 주민 우리는 산불을 피해 화요일 밤 집을 떠나 아들 집에 머물렀습니다.,0
[ 앵커] 연 일 계속되는 폭염 속에 곳곳에서 피해가 속출하고 있습니다.,1
제주도는 파고가 2m 이상으로 높게 일어 출 조를 피해 주셔야 겠습 니다 남쪽 먼 바다에서는 태풍 노루가 북상함에 따라 풍랑 특보가 발효된 상태 고요 일요일부터 는 태풍 특보로 대치될 가능성이 있습니다.,0
일본 규슈 쪽으로 지나갈 것으로 전망되지만 우리나라 남해 상과 동해 상 일부 해안지역은 피해 가능성이 있습니다.,0
열사병 등 온 열 질환 위험도 큰 상 태니까요 더위가 가장 심한 정오부터 오후 5시 사이에는 되도록 외출을 자제하시기 바랍니다.,0
크게 치솟는 기온에 오늘도 열사병과 탈진 등 온 열 질환에 주의가 필요합니다.,0
기상 청은 이번 주에도 예년보다 무더운 날씨가 예상되는 만큼 온 열 질환 등 더위 피해에 각별히 주의해 달라고 당부했습니다.,0
도가 넘는 폭염에 열사병 환자가 속출하면서 지난 하루 사이 6명이 숨졌습니다.,1
[ 기자]' 엎친 데 덮친 격' 이라 할 수 있는데요. 태평양 고기압의 영향으로 기온이 상승하면서 폭우 피해 지인 서 일본을 비롯해 일본 전국에 폭염이 찾아왔습니다.,0
어제 하루 전국에서 1535명이 일사병과 열사병 증세로 병원으로 이송됐고요.,1
얼마 전 서 일본 지역엔 폭우로 막대한 피해가 발생해 현재 복구 작업도 한창인데요.,0
연휴 기간 만 6천 명 가량이 폭우 피해 지역을 찾을 것으로 예상되고 있는데요. 이 가운데 어제 하루에만 백여 명이 온 열 질환 증상을 보여 병원으로 이송된 것으로 전해 졌습니다.,1
일본 정부는 앞서 서 일본 폭우를 ' 비상 재해' 로 지정하고 집중적인 행정 지원을 약속했는데요. 이 같은 복구 노력 속에 폭염으로 인한 피해까지 확대되지 않도록 야외 활동에 더욱 주의가 필요해 보입니다.,0
피해 없도록 대비 잘해 주시기 바랍니다.,0
진로가 매우 유동적이기는 하지만 이번 주 목요 일쯤 전 남 남해안에 진입할 것으로 예상되는데요. 직접적인 태풍 피해가 우려되는 만큼 철저한 대비가 필요하겠습니다.,0
폭염을 피해 주민들은 바다로 대거 떠났습니다.,0
그리스에서는 고온에 산불까지 번져 90여 명이 숨졌습니다.,0
독일 함부르크에서는 고온으로 산소 공급이 어렵게 되자 강의 물고기들이 죽어 떠오르는 등 유럽 곳곳에서 폭염에 따른 피해가 늘고 있습니다.,0
밤사이 200mm 가 넘는 집중 호우가 쏟아질 것으로 보여 호우 피해가 우려됩니다.,0
주말 사이에도 낮보다는 밤에 강한 비가 집중될 것으로 보이니까요. 산사태나 침수 피해에 미리 대비하시기 바랍니다.,0
지난 7월 초 중국의 대홍수로 많은 물이 바다로 흘러들어 가면서 염분 농도가 낮아 진데 다 계속되는 폭염으로 바닷물 온도까지 높아 져 어패류가 폐사되기 시작했기 때문입니다.,0
폐사의 원인은 저염 분수입니다.,0
[ 박 용석 해양 수산 연구원 자원 생태담당 염분이 낮게 되면 염분이 얕은 물이 몸 안으로 들어가서 대사활동을 못 하게 해서 몸이 부풀어 오르면서 폐사하게 됩니다.],0
저 염분 피해가 조금씩 나타나고 있는 제주 서부 해안입니다.,0
지난 96년 저염 분수 유입으로 소라와 전복 등 180여 톤이 폐사된 것과 같은 피해가 발생할 수 있다는 것입니다.,0
고수 온 피해도 속출하고 있습니다.,0
해 수로 넙치를 키우고 있는 양식장의 적정 수온은 24도 이하입니다.,0
이렇게 저 염분 고수 온 피해가 속출하자 제주도 해양 수산당국은 비상 대책 상황 반을 꾸려 연안 해역과 육상 양식장 등에 대한 예 찰 을 강화하고 있습니다.,0
[ 앵커] 더위를 피해 어디 론 가 떠나고 싶을 정도로 연일 폭염이 기승입니다.,0
[ 앵커] 기록 적인 폭염이 계속되면서 농작물 관리에도 비상이 걸렸습니다.,1
사과와 복숭아 같은 과일은 햇빛에 타들어 가고 채소는 아예 잎이 말라 버리는 피해가 확산하고 있습니다.,0
[ 손 인석 사과 재배 농민 해마다 일소현상이 나타나지만 전에는 이렇게 많이 피해가 나지 않았고 온도가 그렇게 높지도 않았습니다.,0
나무 위쪽 부분이 전부 일소피해를 받다 보니까 굉장히 농민들에게 피해가 큽니다.],0
과수뿐만 아니라 채소 등 다른 작물도 폭염 피해가 나타나고 있습니다.,0
폭염 피해를 입은 농작물을 곧바로 제거하지 않으면 병충해가 몰려듭니다.,0
전문가들은 떨어지거나 손상된 농작물을 치워 청결을 유지하고 토양과 작물의 수분 관리를 철저히 해야 한다고 조언합니다.,0
폭염이 이어지면서 농민들은 농작물 피해는 물론 한낮 작업량까지 늘어나는 이중고를 겪고 있습니다.,0
일사병이나 열사병 등 온 열질환 가능성이 높은 만큼 한낮에는 야외활동을 자제하시고 물도 자주 마시는 게 좋겠습니다.,0
충북 청주에서 차 안에서 에어컨을 틀어 놓고 자 던 30대 남성이 숨지는 사고가 발생해 주의가 필요합니다.이,0
[ 기자] 충북 청주시 금천동의 한 아파트 주차장에서 38살 연 모 씨가 자신의 차 안에서 숨진 채 발견됐습니다.,0
[ 김 희진 청주 동부 소방서 소방사 차 안에 문은 잠겨 있는 상태였고 차 안의 환자 분이 의식이 없는 상태인 것 같아서 창문을 깨서 환자 분을 구조해서 심 폐 소생 술을 하면서 응급 처치한 후에 병원으로 이송했습니다.],0
[ 한 정호 충북 대병원 내과 교수 아주 좁은 밀폐된 공간에서 에어컨을 과다하게 틀어 놓고 장시간 노출될 때는 심장병이나 폐 질환이 있는 환자의 경우는 이벤트가 발생해서 생명의 위험을 줄 수 있으므로 주의가 필요합니다.],0
■ 이탈리아 중부에서 규모 6.2의 지진이 발생해 최소 120명이 숨지고 이재민 수천 명이 발생했습니다.,1
이에 따라 비와 함께 강한 바람이 불 것으로 보여 피해가 우려됩니다.,0
피서철 호우로 인한 피해가 없도록 각별히 주의하시기 바랍니다.,0
산사태나 침수 피해 없도록 미리 대비를 철저히 해두 시는 게 좋겠습니다.,0
[ 캐스터] 저는 더위를 피해서 얼음 왕국으로 나왔습니다.,0
[ 앵커] 연일 폭염으로 바다도 뜨거워지면서 양식장 피해도 잇따랐습니다.,1
[ 기자] 전 남 함평 앞바다의 양식장입니다.,0
돌 돔들이 하얀 배를 드러낸 채 수면 위에 둥둥 떠다니고 어민은 죽은 물고기를 뜰채로 건져 냅니다.,0
지난 17일부터 돌 돔들이 죽기 시작하더니 지금까지 8만 마리가 폐사했습니다.,0
양식장 바다 수온은 30 도를 넘은 것으로 확인됐습니다.,0
[ 장 주석 피해 어민 17일부터 갑자기 죽는 양이 많이 늘어났어요.,0
신고를 받고 출동한 119 구조대가 50분 만에 신 군을 발견해 인근 병원으로 옮겼지만 숨졌습니다.,0
강원도 홍 천 강에서는 60대 남성이 광원리 계곡에서는 60대 여성이 숨지는 등 강원도에서만 물놀이객 2명이 목숨을 잃었습니다.,0
지난해 더위로 숨진 사람 3명 가운데 2명은 65세 이상 노인인 것으로 나타났습니다.,1
복지부는 홀몸 노인들의 더위 피해를 막기 위해 폭염 특보가 내려지면 생활관리 사가 취약 노인 22만 명에게 전화하거나 방문해 안전을 확인하도록 할 방침입니다.,0
70대 할머니가 쓰러져 숨지는 사고가 발생했습니다.,0
[ 기자] 폐지를 손수레에 싣고 가 던 70대 할머니가 쓰러진 시각은 낮 12시 40분 쯤. 할머니가 쓰러진 것을 발견한 행인이 119에 신고 해 병원으로 급히 옮겨 졌지만 결국 숨졌습니다.,0
현장에서 심 폐 소생 술 하다가 병원으로 이송한 거예요.],0
숨진 할머니는 이날 아침 초등학교에서 나온 헌책과 폐지를 모으려고 집을 나섰습니다.,0
경찰은 할머니가 무더위 속에서 무리하게 움직이다 열사병으로 숨진 것으로 보고 있습니다.,1
동네 주민들은 숨진 할머니가 부지런하고 마을 청소도 하는 등 봉사활동도 많이 했던 분이라며 안타까워했습니다.,0
최근 폭염으로 바닷물 온도가 올라가 경북 지역 양식장 물고기가 집단 폐사했습니다.,1
경상북도는 지난 4일부터 6일까지 포항 지역 양식장 6 곳에서 키우던 넙치 등 물고기 3만 6천여 마리가 폐사했다고,0
경상북도는 무더위가 이어지고 고 수온 현상도 반복되면서 양식장 물고기 폐사가 확산할 것으로 우려해 사료공급을 중단하고 산소공급을 확대하는 등 대책 마련에 나섰습니다.,0
경북에서도 40대 여성이 폭염으로 숨졌습니다.,1
어제 오후 경북 김천에 사는 42살 정 모 씨가 집 안에서 쓰러져 있는 것을 아버지가 발견해 병원으로 옮겼지만 결국 숨졌습니다.,0
보건 당국은 정신질환을 앓고 있던 정 씨가 고온에 오랫동안 노출돼 열사병으로 숨진 것으로 보고 있습니다.,1
경북에서는 숨진 정 씨를 포함해 온 열 질환자가 96명에 달합니다.,1
또 닭 12만 2천 마리와 돼지 천 8백 마리 등 12만 3천 마리의 가축이 폭염으로 폐사했습니다.,1
이미 많은 비가 내려 지반이 약 해져 있으니까요 추가 피해 없도록 조심해 주셔 야겠 습니다.,0
푸른 색 배는 썰물을 타지 못한 물고기 마냥 물 웅덩이에 고립됐습니다.,0
오늘도 어김없이 열대야가 이어지고 있는데요 주말을 앞둔 금요일 밤 이 곳 청계천에는 많은 시민들이 열대야를 피해 나와 있습니다.,0
한국도로 공사는 날씨로 인해 도로 상황이 좋았고 최근 대형 교통사고가 여러 건 발생하면서 운전자들의 경각심이 높아 진 것도 사고 피해가 감소한 원인으로 보인다고 설명했습니다.,0
열사병과 탈진 위험성이 무척 큰 만큼 한낮에 장시간 야외활동은 피하시기 바랍니다.,0
짧은 시간에 강한 비가 집중적으로 쏟아지며 곳곳에서 호우피해가 발생하고 있습니다.,0
특히 충 청과 남부 지방은 어제부터 많은 비가 내리며 지반이 많이 약해진 상 태니까 요추가 피해 발생하지 않도록 각별히 주의하시기 바랍니다.,0
일사병이나 열사병 등 온 열질환의 위험이 큰데요 낮 동안 외출을 자제하고 수분 섭취를 자주 해 주시기 바랍니다.,0
봐 야죠. 직접 바로 관리를 해야 하는 사람들이니까….] 경찰은 숨진 김 양의 담임 보육교사와 어린이집 원장에 대해 선 구속영장을 신청하지 않고 수사를 마무리 짓기로 했습니다.,0
기상청은 일사병이나 열사병 등 온 열 질환에 대한 주의를 당부했습니다.,0
[ 앵커 ]100 여 년 만의 무더위로 우리가 고생하고 있는 가운데 유럽 등 다른 지역에서도 폭염과 산불로 피해가 심각해 지고 있습니다.,0
[ 앵커] 폭염이 기승을 부리고 있는 가운데 축산 농가의 피해가 늘고 있습니다.,1
가축의 더위를 식혀 주기 위해 몇 가지 시설을 보강하거나 대비를 하면 피해를 줄이고 생산성 유지에도 도움이 된다고 합니다.,0
[ 기자] 불볕 더위가 계속되면서 폐사하는 가축이 늘고 있습니다.,1
농림 축산식품 부 집계에 따르면 올여름 들어 전국적으로 닭 100만여 마리와 돼지 6천여 마리 오리 3만 4천여 마리 등 모두 110만여 마리의 가축이 더위로 폐사했습니다.,1
지난해 같은 기간보다 50 나 늘었고 지역별로는 전 북이 35만여 마리로 피해가 가장 큽니다.,0
다음 주에는 기온이 더 오른다는 예보에 축산 농가는 비상입니다.,0
[ 이완 복 경기도 화성 시 매송면 사료 섭취량도 줄고 그래서 우유도 덜 나고 면역성이 떨어지고 기운이 빠지니까 병에도 약해 지고 그래서 더 울 땐 쓰러지는 소 폐사하는 소도 더러 나오죠.],0
더 위로부터 가축을 보호하기 위해서는 차광막 설치와 축사 환기 물안개 분무 등의 방법이 필요합니다.,0
돼지도 열량이 높은 사료를 시원한 물과 함께 주는 게 좋고 닭과 오리는 사육 밀도를 줄이면서 환기를 잘해 주는 게 필수입니다.,0
가축 별로 비타민 등을 사료와 함께 주는 것도 피해 예방에 도움이 됩니다.,0
[ 김 창한 농촌 진흥청 축산 기술사 고온피해 예방을 위한 가축 사양관리 요령 등 여러 시설관리 홍보 책자 리플렛을 만들어서 배포했고 또 전문가를 구성하여 현장기술 지원을 실시하고 있습니다.],0
이와 함께 불볕 더위로 전력 사용량이 크게 늘면서 축사 화재와 정전사고가 우려되므로 미리 점검해야 피해를 막을 수 있습니다.,0
계속되는 더위에 일사병과 열사병 등 온 열 질환에 걸릴 가능성이 커지고 있습니다.,0
다리 밑 그늘로 지붕 아래로 몸을 피해 봐도 40도에 육박하는 더위를 나기엔 속수무책입니다.,0
다행히 지난 주말 침수피해가 발생했던 충청 지방에는 10mm 미만으로 많은 비가 내리지 않았는데요. 앞으로 호남에는 540mm 그 밖의 지방은 520mm 의 비가 더 내리겠습니다.,0
피해 없도록 계속해서 대비해 주시기 바랍니다.,0
호우로 시작된 올 여름 장마. 다음 주 초까지 장마 전선이 활성화되면서 국지적으로 300mm 가 넘는 게릴라 호우를 쏟아부을 것으로 보여 비 피해에 대한 철저한 대비가 필요합니다.,0
가마솥 더위가 절정에 달하면서 많은 사람들이 더위를 피해 물놀이 장을 찾았는데요. 뜨거운 열기를 식히기 엔 역부족입니다.,0
오늘은 열사병과 탈진의 위험성이 무척 큽니다.,0
40 도를 웃도는 폭염이 일주일 넘게 이어지고 있는 호주에서 더위를 피해 물놀이를 하다 숨지는 사건이 잇따르고 있습니다.,0
로이 터통신은 지난 24일부터 29일까지 호주 남동부 빅토리아 주에서만 5명이 물에 빠져 숨졌다고,0
또 동부 뉴 사우스 웨일스주의 호수에서 스노 클 링을 하던 한국인 1명이 숨졌고 퀸 즐 랜드 주에서도 서핑을 하던 남성이 사고를 당하기도 했습니다.,0
더위를 피해 산과 바다로 떠나는 분들 많으시죠,0
한 달 넘게 이어진 폭염에 가뭄까지 겹치면서 바짝 메말랐던 농작물들이 이번 비에 생기를 되찾았습니다.,0
축산업에서도 닭이나 오리 등 가금류가 폐사할 가능성이 있으니까 참고 하 시 고요 교통 분야에서는 엔진 과열 방지를 위해 냉각수 점검을 해 두 시기 바랍니다.,0
이 총리는 이후 경기도 화성의 한 축산 농가를 방문해 축산 분야의 폭염 대책을 점검하고 홀로 사는 기초생활보장 수급 자로부터 폭염으로 인한 고충을 전해 들었습니다.,0
[ 앵커] 거기서 멀지 않은 라스 베이 거스도 비가 원래 안 오는 지역인데 사막인데 비가 쏟아져서 거기가 침수가 되고 정전되고 했다는 소식도 저희가 전해 드렸습니다.,0
[ 앵커] 유례없는 폭염 속에 서울의 한 개천에서 물고기 수백 마리가 집단 폐사하는 일이 벌어졌습니다.,1
60대 노인이 숨지는 등 사고도 잇따랐습니다.,0
[ 기자] 작은 물고기 수백 마리가 흰 배를 드러낸 채 떼죽음을 당했습니다.,0
서울 강북구와 도봉구의 경계를 흐르는 우 이천에 집단 폐사한 물고기가 발견된 것은 새벽 1시 쯤. 한 달째 이어지는 열대야 속에 흔히 볼 수 없는 광경이 펼쳐졌습니다.,0
[ 최 길용 서울 도봉구 창동 여기 옆에 물고기가 떼죽음을 당해 있었습니다.,0
69살 김 모 할머니가 숨졌습니다.1,0
다행히 다친 사람은 없었지만 2천 5백만 원의 재산피해가 났습니다.,0
그럼에도 불구하고 앞서 말씀드렸듯이 대규모의 피해가 가까운 미래에 예상되고 때문에 폭염을 재난으로 명확히 명시하고 그 후속 대책들을 강화하는 것이 필요한 시점이라고 생각합니다.],0
하루빨리 국회에서 폭염을 재난에 포함해서 국가가 폭염 피해 예방과 보상에 큰 책임지도록 만들 필요 있습니다.],0
그렇다면 살인적인 폭염에서 인명 피해를 줄이는 것이 관건일 텐데요.,0
땀으로 너무 많은 수분을 잃으면 문제가 발생할 수 있는데요. 이때 커피 음료는 피해야 합니다.,0
연일 폭염에 열사병과 일사병 위험이 높습니다.,0
하지만 서울과 대전 광주는 내일도 37 도를 오르내리는 심한 폭염이 맹위를 떨칠 것으로 보여 열사병 등 온 열 질환에 대한 주의가 필요합니다.,0
밤사이 제주도에 피해상황 있었을 건데요. 진달래 밭에 순간 최대 풍속이 60m를 기록 하면서 강한 돌풍이 불었습니다.,0
제주도에 이어서 내륙 지역도 태풍이 강타하면서 큰 피해가 있을 것으로 예상됩니다.,0
태풍이라고 하면 보통 비도 많이 오고 바람도 많이 부는데 이번 같은 경우는 뭐가 더 걱정일까요[ 캐스터] 비와 바람 모두 대비하셔야지만 이번에는 특히 바람 피해에 대비하셔야 할 것으로 보입니다.2012,0
바람 피해에 대비를 해야 합니다.,0
2010 년 곤 파스의 경우 서울에 21m 라는 강풍이 기록된 바가 있는데요. 피해는 보통 초속 40m 정도에서 발생합니다.,0
시설물 점검도 꼼꼼히 해두셔야겠습니다.[ 앵커] 말씀하신 것처럼 바람도 문제지만 호 우 피해도 예상되는데 강우량 어느 정도 됩니까,0
산사태 같은 피해가 발생할 가능성 매우 크니까요. 조심하셔 야겠 습니다.,0
여기에 해일 피해까지 걱정되고 있습니다.,0
서 해안과 남해안 지역 해일 피해에 대비하셔야 합니다.,0
선박 피해 없도록 대비하셔야 겠고 해안가에 피서객 이미 없겠지만 그래도 계속해서 주의가 필요하겠습니다.,0
[ 앵커] 태풍이 그러니까 생각보다 굉장히 천천히 이동하면서 지역마다 피해를 계속 오랫동안 주겠군요,0
[ 앵커] 앞으로 심각한 피해가 우려되기 때문에 이런 질문 드리기가 조금 조심스럽기는 하지만 피해 외에 혹시 순기능은 없습니까,0
일단 피해가 없는 게 가장 전제되는 조건이 되겠고요.,0
■ 운행 중인 BMW 차량에서 화재가 잇따르는 가운데 정부가 'BMW 리콜 대상 차량' 의 운행을 자제해 달라고 권고했습니다.,0
최대한 빠른 시일 내에 화재 원인을 규명해 문제가 발견되면 법적 절차에 따라 엄중 조치할 계획입니다.,0
[ 앵커] 요즘 더위로 폐사하는 가축이 사상 최대로 늘고 있는데 친 환경 농법인 유용 미생물을 활용하면 예방 효과가 있는 것으로 나타났습니다.,1
가축 폐사도 줄이면서 농작물도 튼튼하게 자라게 할 수 있는 유용한 농법입니다.,0
닭들이 좁은 틀에 갇혀 있으면서 달걀을 낳는데 요즘 같은 더위에도 큰 탈이 없습니다.,0
비결은 이 농장이 사용하는 유용 미생물. 유산균이나 효모 광합성 균 등 이로운 작용을 하는 유용 미생물을 물에 희석해서 닭에게 주고 축사에 뿌려 주면 됩니다.,0
[ 박래 영 경기도 화성시 항생제도 안 쓰고 시중에서 쓰는 약품도 쓰지 않고 그러면서도 닭이 건강하고 생산성이 좋으니까 상당히 만족감을 느낍니다.],0
영양분 흡수가 좋아져 농작물의 발육이 좋고 더위에 많이 발생하는 병충해도 줄어듭니다.,0
농가에 대한 만족도 조사 결과 축산 악취와 항생제 사용량을 줄여 주고 밭작물에 사용하는 농약도 줄일 수 있는 것으로 나타났습니다.,0
가축이나 농작물의 면역력을 높여 주기 때문에 더위에도 잘 견딜 수 있습니다.,0
농작물에 있어서는 생산량이 증가하고 그래서 가축이나 농작물이나 건강하게 만들기 때문에 이런 더위에도 상당히 견딜 수 있는 힘을 길러 줍니다.],0
경기도 농업 기술원은 유용 미생물 보급을 늘리기 위해 시· 군 센터의 생산시설을 확충하거나 규모가 큰 농가에는 직접 기술을 전할 방침입니다.,0
■ 판돈 3조 원대 규모의 불법 스포츠 도박 사이트를 운영한 조직이 경찰에 붙잡혔습니다.,0
….] 다만 불매 목록에 오른 일부 업체는 일본과 직접적 관련이 없는데 애꿎은 피해를 보고 있다며 호소했습니다.,0
가맹점 주들이 이번 일로 피해를 보실까 걱정됩니다.],0
■ 연 일 계속되는 폭염으로 곳곳에서 피해가 속출하고 있습니다.,1
■ 최근 잇따른 주행 중 화재 사고로 리콜 결정이 내려진 BMW 차량에서 오늘 또 불이 났습니다.,0
[ 기자] 뜨겁게 내리쬐는 햇볕을 피해 다리 밑으로 형형색색 텐트들이 빼곡히 들어찼습니다.,0
[ 앵커] 연 일 계속되는 기록 적인 폭염으로 농작물 피해가 늘면서 가격 폭등으로 이어지고 있습니다.,1
결국 그 피해 여파가 시장에 고스란히 나타나고 있습니다.,1
국민안전 처는 일사병이나 열사병 위험이 커졌다며 노약자는 한낮 야외 활동을 자제하고 카페인보다는 물을 자주 마시는 등 건강에 유의해 달라고 당부했습니다.,0
[ 앵커] 서울과 경기도 고양 평택의 아파트 단지에서 변압기 고장으로 인한 정전 피해가 잇따랐습니다.,0
[ 정 전 피해 아파트 주민 냉방 장치가 가동이 안 되기 때문에 냉장고 속에 있는 음식들이 부패하게 되니까… 요즘 자기가 상당히 어렵기 때문에 선풍기를 틀어 놓고 자는데 틀 수가 없죠.],0
경기도 평택시 비전동의 한 아파트 단지에서도 정전으로 엘리베이터에 주민 두 명이 갇혔다가 구조되는 등 열대야 속 정전 피해가 잇따랐습니다.,1
[ 앵커] 뇌우와 폭염 미세 먼지 등 변화무쌍한 날씨는 우리에게 많은 영향을 미치고 때로는 피해를 줍니다.,1
특히 강릉에는 한 시간에 93mm 의 기록 적인 폭우가 내리면서 비 피해가 속출했습니다.,1
[ 전 경 윤 침수 피해 횟집 주인 더위를 식히나 했지 저녁에는 그랬는데 난데없이 너무 많이 쏟아지니까 피해가 이만저만이 아니죠.],1
주택과 상가 침수 등 접수된 비 피해 신고는 강릉 지역에서만 80건이 넘습니다.,1
침수로 인해 강릉 지역 관광지 도로 곳곳이 한때 통제되면서 교통 불편도 이어졌습니다.,1
이번 태풍은 특히 강풍 피해가 클 것으로 우려됩니다.,0
프랑스 기상청은 폭염으로 인한 피해를 예방하기 위해 수도권을 비롯해 프랑스 전역 30개 도에 두 번째로 높은 경계 단계인 폭염 주황색 주의보를 발령했습니다.,0
[ 앵커] 폭염으로 바다 수온이 오르면서 양식장 물고기의 폐사가 계속되고 있습니다.,1
[ 기자] 고 무 대야 안에 폐사한 물고기가 가득 합니다.,1
고수 온으로 죽은 물고기를 양식장 주인이 보상 판정을 앞두고 냉동 보관한 겁니다.,0
[ 정 황 훈 양식 어민 7월 31일부터 8월 3일까지 만 마리 이상 죽었죠.,0
일까지 전국에서 고 수온으로 폐사한 물고기는 248만 마리 정도입니다.,1
피해액만 32억 원이 넘습니다.,1
바다 표층 온도가 적조가 발생하는 26도 가까이 떨어지면서 대규모 적조 피해까지 우려되고 있습니다.,0
마지막으로 남해안에 적조 피해를 안겼던 지난 2015년에도 8월 중순 이후 적조가 발생했습니다.,0
과거의 경제나 이런 것 들이 활발했을 때는 소위 말하는 부업 이런 것 들이 굉장히 일감이 많이 들어왔는데 이제는 교정시설에 그것도 부족한 형편이라서 하루에 7 시간을 풀로 일하는 것도 아닌 사정이 굉장히 많아서 사실은 실제로 이런 노역장 유치나 이런 제도를 시행하는 가장 큰 목적은 정말 돈이 없어서 벌금을 낼 정도의 돈이 없는 저소득층이나 이런 사람을 구제하기 위해서 그러면 벌금을 낼 수 없으면 이런 제도로 라도 활용하라는 취지인데 전 재용 씨는 돈을 숨겨 놓고 벌금을 내지 않기 위해서 다른 재산의 추적을 회피하기 위해서 이렇게 환형 유치제도를 활용하니까 그래서 국민들이 더 이것에 대해서 질타하고 비난하고 제도를 개선해야 된다고 하는 겁니다.,0
[ 인터뷰] 노태우 대통령 같은 경우는 사실은 사돈 재산까지 다 소송을 내서 전부 다 완납을 한 상황이거든요.,0
또 경기도 파주시 와 동동의 한 아파트 단지에서도 정전이 발생하면서 970 여 세대에 전기 공급이 끊기고 멈춰 선 승강기에 주민이 갇혔다가 구조되는 등 피해가 잇따랐습니다.,1
열사병이나 일사병 등 온 열 질환을 예방하기 위해 선 야외 활동을 삼가고 실내 온도를 적정수준으로 유지해 바깥 과의 온도 차를 줄여야 합니다.,0
일사병과 열사병 등의 온 열 질환의 위험이 높으니까요 낮 시간대 장시간의 야외 활동은 자제하시기 바랍니다.,0
개정안은 국민의 생명과 신체 재산과 국가에 피해를 주거나 줄 수 있는 것으로 규정된 재난에 폭염과 혹한을 추가했습니다.,0
■ 정부가 오늘 오전 11조 원 규모의 추가 경정 예산안을 국회에 제출했습니다.,0
■ 계속된 폭염으로 올해 열사병 등 온 열 질환자 수가 작년 같은 기간보다 2 배 이상 늘어난 것으로 나타났습니다.,1
중상자가 많아 인명 피해는 더 늘 것으로 보입니다.,1
폭염 특보가 내려지면 노약자와 어린이는 한낮 외출을 자제하고 야외 작업장의 근로자들은 오후에 휴식을 취하는 등 무리한 작업은 피해야 합니다.,0
호남 지방에는 어린아이 주먹 크기의 우 박이 쏟아져 차량 피해가 발생하기도 했는데요. 지름이 10cm에 달한 이번 우박은 그동안 기록됐던 우박 가운데 가장 컸습니다.,1
제가 나와 있는 곳은 전주에서 규모가 가장 큰 남부시장입니다.,0
공사 중단 여부를 최종 결정할 시민 배심 원단 규모와 운영방식 등은 아직 정해지지 않았는데 정부는 어떤 결론이 나든 그대로 수용하기로 했습니다.,0
■ 갑작스런 폭우로 큰 피해를 입은 인천 지역에선 연일 복구작업이 이어지고 있습니다.,1
기획 재정부는 추경 예산의 집행 상황을 점검한 결과 이상 폭염에 따른 어업인 피해에 28억 원 중소기업 지원에 550억 원 등 추석 전에 모두 6조 원이 집행될 것으로 전망했습니다.,0
일사병이나 열사병 등 온 열 질환자가 크게 늘고 있는 만큼 수시로 수분 섭취하고 한낮에는 야외활동을 자제하는 등 건강관리에 유의하시기 바랍니다.,0
계속되는 폭염에 열사병과 탈진 등 온 열 질환에도 주의가 필요합니다.,0
화재가 발생하기 쉬운 날씨니 까요.,0
민변 등은 지난 2016년 8월 부산 교도소에서 조사 수용 실에 갇힌 두 명의 수용자가 잇따라 열사병으로 숨진 뒤에도 수용 환경은 여전히 개선되지 않고 있다고,0
피해 없도록 대비 철저히 해 주시기 바랍니다.,0
충청 지역 곳곳에서 나무가 부러지고 농작물 피해가 발생했지만 다행히 우려했던 만큼은 아니었습니다.이,1
문석 기자가 피해 현장을 다녀왔습니다.,0
[ 이재석 태풍 피해 주민 뭐가 ' 쾅' 하고 울 리더라고요. 그래서 나와 봤더니 저게 지붕으로 자빠져 있어서…] 인근 사과 농장도 바람 폭탄을 맞았습니다.,1
[ 한 상빈 태풍 피해 농민 너무 힘들었어요.,0
논 3필 지에 피해가 생겼는데 다행히 다른 논 대부분은 꿋꿋하게 태풍을 버텨 냈습니다.,1
농작물 걱정에 밤을 지새운 농부도 이제 한시름을 놓았습니다.,0
예상대로 태풍은 충청 지역을 관통했지만 다행히 다른 지역에 비해 큰 피해는 남기지 않았습니다.,1
사망자 가운데 3명은 80세 이상 고령자이고 땡볕에 논과 밭일을 하다 숨진 것으로 조사됐습니다.,1
올 여름에는 태풍도 피해 간 것 같은데 왜 그런 건 가요[ 기자] 어제까지 일본 남해에 9호 민들 레 10호 라이 언 록 11호 곤 파스가 동시에 이동 중이었는데요. 우리나라 주변에 강력한 열기가 자리 잡으면서 태풍이 우리나라로는 북상하지 못했습니다.9,0
하지만 비바람 피해 없도록 철저한 대비가 필요하겠습니다.,0
폭염 특보가 내려지면 노약자와 어린이는 한낮 외출을 자제하고 야외 작업장의 근로자들은 오후에 휴식을 취하는 등 무리한 작업은 피해야 합니다.,0
프랑스 기상청은 폭염으로 인한 피해를 예방하기 위해 수도권을 비롯해 프랑스 전역 30개 도에 두 번째로 높은 경계 단계인 폭염 주황색 주의보를 발령했습니다.,0
더위를 피해 바다로 떠난 분들 많을 텐데요.,0
북한의 폭염 피해 상황을 확인한 국제 적십자 사가 긴급 구호 단을 파견했다고,0
앞서 지난 2일 북한 적십자 회는 평안남도와 함경남도 등 2개 지역에서 열사병 환자와 농업 피해도 발생했다고,1
■ 지난 1997년 발생한 이태원 살인사건의 유족이 부실한 수사로 피해를 봤다며 낸 소송에서 법원이 국가 책임을 인정하고 유족에게 3억 6천만 원을 배상 하라고 판결했습니다.,0
[ 정 전 피해 아파트 주민 몇 층까지 올라가야 하는 거예요,0
[ 정 전 피해 아파트 주민 잘 못 잤죠.,0
기상 청은 올여름 폭염이 이번 주에 절정을 맞을 것으로 보고 있어 온 열 질환과 가축· 시설물 피해가 급증할 것으로 우려했습니다.,0
푸른 색 배는 썰물을 타지 못한 물고기 마냥 물 웅덩이에 고립됐습니다.,1
[ 정 종필 가뭄 피해 농민 물이 없어 가지고 고추는 말라죽는데 물을 줄 수가 없어 가지고 어려움이 많습니다.],1
다만 태풍으로부터 뜨거운 수증기가 유입돼 폭염이 당분간 계속되겠고 서해안과 남해안은 대조기가 겹쳐 해안가 침수 대비가 필요합니다.,0
[ 앵커] 최근 4세 여아가 폭염 속에서 어린이집 차량에 7 시간 방치됐다 숨지는 사고가 있었는데요 이번에는 70대 치매 노인이 차 안에 7시간 동안 갇혀 있다가 병원으로 옮겨 졌습니다.,0
계속되는 무더위로 온 열 질환자 수가 사상 최대에 달하고 가축과 농작물 피해도 심각합니다.,1
일 넘게 폭염 특보가 이어진 대구· 경북에서 290 여 명의 온 열 질환자가 발생해 9명이 숨졌습니다.,1
가축 피해는 지난해 여름 전체 폐사의 4 배를 넘어섰습니다.,1
경북 지역에서만 닭과 돼지 등 35만여 마리가 더위 때문에 죽었습니다.,1
농작물도 예외가 아닙니다.,0
하면 열매가 타들어 가는 일 소 현상 때문에 피해 면적이 240㏊를 넘었습니다.,1
여름이 반밖에 지나지 않은 상황에 폭염의 기세가 수그러들지 않으면서 더 큰 피해가 우려됩니다.,0
전 남 함평의 양식장에서 폭염에 돌 돔 수만 마리가 폐사했습니다.,1
전 남 함평군은 지난 17일부터 돌 돔이 죽은 채 발견됐고 현재까지 8만여 마리가 폐사했다고,1
양식장 바다 수온은 30 도를 넘은 것으로 확인됐습니다.,0
본격적인 무더위가 시작된 지난주에 9명이 숨졌고 이번 주 들어서는 22일부터 24일까지 사흘 동안 5명이 사망했습니다.,1
경기도 재난안전대책본부에 따르면 온 열 질환자는 열 탈진이 199명으로 가장 많고 열사병이 78명 열경련 34명 열 실신 32명 등으로 이는 지난해 같은 기간보다 3 배나 많은 규모입니다.,1
가축 폐사도 늘어 닭 27만 마리와 메추리 만 마리 돼지 7백여 마리 등 28만 마리를 넘어섰습니다.,1
하지만 당분간 비 소식이 없이 폭염이 계속될 것으로 예보됨에 따라 온 열 질환자와 가축 폐사가 늘 것으로 보입니다.,0
일단 폭염이 가장 심한 정오부터 오후 5시 사이 심한 운동이나 장시간 야외활동은 피해야 합니다.,0
■ BMW 코리아가 최근 잇따르는 차량 화재에 뒤늦게 공식 사과했습니다.,0
독일 본사 차원의 조사 결과가 발표됐지만 왜 한국에서만 화재사고가 집중되는지는 명확히 설명하지 못했습니다.,0
하지만 폭염에 이어 이번에는 호 우 피해가 우려됩니다.,0
대기도 점차 건조 해지고 있는 만큼 산불 등 화재 예방에 더욱 신경 써 주시기 바랍니다.,0
호우로 인한 피해가 우려되는 만큼 주변 시설물 점검 철저히 해 주시기 바랍니다.,0
새 누리 당 이 정현 대표는 충남 서산 가두리 양식장을 찾아 올여름 최악의 폭염에 따른 피해와 정부 지원 대책 방안 등을 점검했습니다.,0
이 지역에서는 이달 들어 폭염이 이어지면서 수온이 상승해 가두리 양식장 10 곳에서 기르던 우 럭 수만 마리가 집단 폐사하는 등 피해가 발생했습니다.,1
이 대표는 인근 보령까지 피해가 확산할 조짐을 보이자 직접 방문해 영어 자금 이자 감면 등의 대책을 모색했습니다.,0
수확을 포기하는 농가도 있다는 데요.,0
또 한 농식품 부에서 폭염과 무 강우 일수 장기화로 밭작물은 현재 우려할 단계는 아니나 도서 해안 지역 등 일부 지역의 물부족을 예측을 하고 있으며 밭작물은 시들음 등 생육 저하가 발생하고 있어서 향후 무 강우 일수가 15일 이상 지속 시에는 밭작물 위주로 피해가 확산될 것으로 전망하고 있습니다.,0
' 일사병 '으로 불리는 열 탈진 환자가 가장 많이 발생하고 고 체온 상태가 계속되는 열사병 실신 근육 경련도 많이 발생하는 증상입니다.,0
문 재인 대통령은 이 개호 농림 축산식품 부 장관에게 폭염 때문에 농가 피해가 심각 하다며 추석을 앞두고 제사상 물가에 비상이 걸리지 않도록 모든 역량을 모아 달라고 당부했습니다.,1
문 대통령은 오늘 청와대에서 이 개호 장관에게 임명장을 수여한 뒤 폭염과 가뭄으로 일반 농가 축산 농가 과수 농가의 피해가 심각하고 이로 인한 수급 이상이 물가 상승으로 이어지고 있다며 이같이 말했습니다.이,1
개호 장관은 이에 대해 무와 배추는 비축 물량이 있는 만큼 최대한 관리하고 과수 피해에 대해서는 바로 현장의 농가를 찾아 피해 상황을 직접 살펴보겠다고,0
기상청은 내일 밤부터 주말까지 집중 호우로 인해 산사태나 침수 피해가 발생할 것으로 우려된다고 말하고 철저한 대비를 당부했습니다.,0
[ 앵커] 극심한 폭염에 이어진 가뭄으로 전국 곳곳에서 피해가 발생하고 있습니다.,1
산간지역 마을은 식수로 사용하는 계곡이 말랐고 타들어 가는 농작물에 농민들은 아예 수확을 포기하고 있습니다.,1
무엇보다 심각한 것은 농작물 피해입니다.,1
사상 최악의 폭염에 이어 극심한 가뭄까지 겹치면서 수확을 앞둔 농작물이 이렇게 바싹 말라가고 있습니다.,1
폭염과 가뭄으로 전국적으로 축구장 3000개가 넘는 2167ha에서 과수와 채소 등 농작물 피해가 발생했고 500만 마리가 넘는 가축이 폐사했습니다.,1
산간지역 주민들 식수까지 마르는 상황. 비다운 비가 오지 않는다면 폭염과 가뭄 피해는 눈덩이처럼 불어날 전망입니다.,0
이어지는 폭염에 가축과 양식장 물고기 폐사가 확산하고 있습니다.,1
농림 축산식품 부 자료를 보면 6월 하순부터 어제 20일까지의 누적 폐사 가축 마릿수는 371만 3천 마리였습니다.,1
지난해 여름철보다 40 가량 증가했고 최근 5년 동안 피해 규모도 가장 큽니다.,1
가축 종류별로는 닭이 351만 4천여 마리로 가장 피해가 컸고 오리 12만여 마리 메추리 7만 마리 등 가금류 피해가 특히 심했습니다.,1
돼지도 6천 900여 마리가 더위를 이기지 못하고 폐사했습니다.,1
양식장에서도 피해가 발생하고 있는데 경북 포항과 경남 통영· 거제· 고성 지역의 양식장을 중심으로 지난 어제 20까지 어패류 197만 마리가 폐사한 것으로 집계됐습니다.,1
폭염과 함께 바닷물 고수 온 현상이 이어지는 가운데 경남 지역 양식장 물고기 집단 폐사가 잇따르고 있습니다.,1
경상남도는 어제 경남 하동 금 남면 해상 양식장에서 숭어 3만여 마리가 폐사했다고,1
또 경남 고성과 거제 등 육상 양식장에서도 넙치와 강도 다리 5천여 마리가 폐사했다고,1
밤 사이 호우로 인한 피해 없도록 대비하셔야 겠습 니다.,0
이미 많은 비가 내려 지반이 약 해져 있는 만큼 추가 피해 없도록 조심하셔야겠습니다. 서울을 제외한 그 밖의 지방에는 540mm 의 비가 내리겠습니다.,0
소노 펠 리 체 8개 동 전체 객실에서 에어컨 작동이 멈춘 건 어제 오후 3시 쯤.[ 대명 리조트 안내 방송 전력 공급량 부족으로 에어컨 작동이 불가능한 상태이니….] 홍천에 폭염 경보가 내려진 가운데 무더위를 피해 휴가를 갔던 투숙객들은 오히려 더 더운 여름을 보내야 했습니다.,0
가 자발적 리콜을 결정한 42개 차종 가운데 특히 화재가 집중됐던 모델입니다.,0
불이 나자 운전자가 바로 대피해 다친 사람은 없었지만 화물차 뒷부분과 차에 실려 있던 비품 등이 타 소방서 추산 천 7백만 원의 재산 피해가 났습니다.,0
소방당국은 지하실 냉온 수기 모터가 과열돼 불이 시작된 것으로 보고 정확한 화재 원인을 조사하고 있습니다.,0
[ 앵커] 불볕 더위가 기승을 부리면서 온 열 질환으로 올해만 벌써 3명이 숨졌습니다.,1
80대 할머니가 숨진 채 발견됐습니다.,1
폭염 특보까지 내려진 상황에서 무리하게 일하다 열사병으로 숨진 것으로 추정됩니다.,1
27개월 된 아이가 열사병으로 숨졌습니다.,1
이번 김해 할머니까지 모두 3명이 온 열 질환으로 숨진 겁니다.,1
기상청은 내일 새벽부터 남해 안과 제주도에는 시간당 30mm 가 넘는 폭우가 쏟아져 호우 특보가 확대되겠다며 시설물 피해와 피서객들의 주의를 당부했습니다.,0
이 대책본부는 폭염대비· 대응· 복구조치는 물론 폭염 피해 예방을 위한 대민지원 임무도 담당합니다.,0
피해 없도록 대비 철저히 해 주시기 바랍니다.,0
오히려 만시 지탄이 아닌가 생각이 드는데 천만다행으로 인명피해가 없다 이게 천만다행인 거예요.,0
지금 협조 안내문 밑에 보면 대형 화재 예방을 위해서 지하 주차장 이용 삼가 달라 이런 내용이 들어 있고요.,0
왜냐하면 자동차 회사를 상대로 해서 손해배상 청구를 한다는 것은 내가 정말로 이런 피해를 입고 있었다는 것을 입증하기가 굉장히 어렵거든요.,0
짙은 초록색 강물 위로 죽은 물고기도 둥둥 떠다닙니다.,1
녹 조가 필요 이상으로 생기면 악취를 일으켜 물에서 비린내가 나고 물고기가 죽기도 하고 사람이 이 물과 접촉하면 피부염이 생길 수 있습니다.,0
늦장마와 폭염으로 그 어느 해보다 심각한 올해 가뭄. 장맛비가 내리기 전 열흘 정도의 시간 동안 가뭄 피해를 최소화할 수 있도록 지혜를 모아야 할 것으로 보입니다.,0
[ 앵커] 폭염에 농작물 피해가 잇따르고 있죠.,1
예년보다 일조량이 늘어 생산량이 증가했지만 가격이 폭락하면서 농민들은 애써 키운 농작물을 이렇게 산지 폐기하고 있습니다.,0
자치단체는 급한 대로 폐기하는 애호박 1 상자당 4천 원을 농가에 지원하기로 했습니다.,0
[ 앵커 ]6 년 만에 상륙하는 태풍이라 큰 피해가 우려되는데요.[ 기자] 폭염과 가뭄이 이어지더니 이번엔 태풍으로 인한 폭우와 강풍 피해가 우려되는데요 정부는 중앙 재난안전대책본부를 가동하고 범정부적 대응에 나섰습니다.,0
정부는 피해 최소화를 위한 예방 활동에 주력하면서 대규모 피해가 발생할 경우 즉시 수습 지원단을 파견한다는 계획입니다.,0
태풍의 직접 영향권에 들 것으로 전망되는 전 남 영광 한빛 원전도 배수로 침수 등의 상황에 대비해 비상 대비 체제에 들어갔습니다.,0
바닷물 온도 상승에 따른 양식장 피해가 역대 최대 규모에 육박하고 있는 가운데 적조까지 발생하면서 정부가 긴급 자금을 투입하기로 했습니다.,1
해양 수산부는 고수 온으로 피해를 본 양식장에 어린 물고기 도입 비용을 최대 5천만 원까지 지원하고 추가로 긴급경영안정자금을 최대 2천만 원까지 연이율 1.8의 저리로 빌려주기로 했습니다.,0
양식 수산물 재해보험에 가입한 어민은 피해액의 85에서 90까지 보상 받을 수 있지만 지난해 기준 보험 가입률은 35.5에 불과한 실정입니다.,0
지금까지 발생한 고 수온 피해는 42억 8천만 원으로 역대 최악의 피해가 발생했던 지난 2013년 52억 원에 육박하고 있고 새로 발생한 적조 피해까지 집계되면 올해 여름 폭염에 따른 양식업 피해는 수백억 원에 이를 것으로 추정됩니다.이,1
도서관으로 변신한 폐 교가 더운 여름 도심 속 피서지 역할을 톡톡히 하고 있는데요. 아직 나들이 계획 없으신 분들은 가까운 도서관을 찾아 더위도 피하고 책도 읽어 보시면 어떨까 합니다.,0
지난 22일 미국 로스 앤 젤 레스 북쪽 50km에 위치한 샌 타 클라 리 타 밸리 지역에 산불 피해가 났습니다.,1
여의도 30 배 규모의 임야가 산불로 손실됐고 1500 가구에 대피령이 내려졌습니다.,1
엄청난 위력의 태풍이 휩쓸고 가면 차량이 물에 잠기거나 떠내려가고 파손되는 등 피해가 속출합니다.,1
자동차 보험에 들었더라도 통상 이런 자연재해로 인한 차량 피해는 보상이 안 됩니다.,0
모든 피해가 다 보상되는 건 아닙니다.,0
문이나 선 루프를 열어 놓는 등 운전자 부주의로 차량에 물이 들어가 발생한 피해 나 차 트렁크에 보관한 물품의 손상 등은 보상이 안 됩니다.,0
또 침수 예상지역이나 운행제한 구역에 고의로 또는 무리하게 들어가거나 주차해 피해를 입은 경우는 나중에 보험료가 할증됩니다.,0
농작물 피해를 보상해 주는 자연재해보험은 최근 기록 적인 폭염 속에 관심이 높아 졌지만 가입 농가는 여전히 전체의 30 정도에 불과 합니다.,0
정부와 지자체가 보험료의 80 정도를 부담해 주기 때문에 농가에서는 20만 내면 자연재해로 인한 피해를 보상 받을 수 있습니다.,0
주택이나 공장 건물 등의 태풍피해는 화재보험의 풍수해 특약이나 재산종합보험을 통해 혜택을 받을 수 있습니다.,0
시일이 오래 지나면 태풍으로 인한 피해 인지에 대한 판단이 어려워지는 만큼 피해 접수는 가능한 서둘러 하는 것이 보상을 받는 데 유리합니다.,0
드론 인명 구조대를 운영하는 곳도 있고요.,0
[ 기자] 개장 1주일밖에 안 됐는데 안타까운 인명 피해 사고가 꽤 있었습니다.,1
강원 동해안에서만 일주일 사이 3명이 숨졌는데요. 저희가 방송을 진행하는 이곳 바로 옆 외 옹치 해변에서도 그런 일이 발생했습니다.,1
최악의 폭염이 이어진 올해 ' 더 윗 병 '으로 숨진 사람은 17명으로 역대 최다를 기록했습니다.,1
질병관리본부는 온 열 질환자 집계를 시작한 지난 5월 23일부터 무더위가 꺾이기 직전인 지난 25일까지 열사병과 열 탈진 열 실신 등 온 열 질환으로 숨진 사람이 17명이라고 밝혔습니다.,1
이는 집계가 시작된 지난 2011년 이후 역대 최다 규모입니다.,0
지난해보다 말벌 개체 수가 크게 늘어 피해가 우려되고 있습니다.,0
지난 2003년 국내에서 처음 발견된 중국산 등 검은 말벌은 특히 퇴치가 어려워 양봉장에 많은 피해를 주고 있습니다.,0
특히 벼락과 돌풍을 동반한 시간당 30mm 가 넘는 국지성 호우가 쏟아지면서 저지대 침수나 교통 통제 등 피해가 우려됩니다.,0
[ 앵커] 아무래도 피해 지역을 예상하려면 태풍의 경로부터 짚어봐야겠습니다.[ 기자] 태풍 지금 부산 남쪽 약 45km 해상까지 접근했습니다.,0
이게 태풍 소형 급이라고 하는데 우리나라 중심을 관통하는 경로라서 피해가 꽤 클 것 같습니다.,0
비구름이 태풍 형태를 유지하면서 오기 때문에 지난달 다 나스도 비구름의 형태가 없어 졌는데 태풍의 형태가 없어 졌는데도 많은 비를 뿌려서 피해가 났거든요.,0
지금 상태로 들어온다고 하면 다 나스보다는 더 많은 피해가 날 가능성이 높고요.,0
[ 앵커] 그러면 그때 당시 피해 상황은 어 땠나요,0
[ 앵커] 지금 온 열질환의 종류가 화면에 나오고 있는데요. 일사병 열사병이 있거든요.,0
열사병은 체온 중추가 완전히 망가져서 40 도가 넘어가는 겁니다.,0
[ 앵커] 열사병까지 진행이 되면 상당히 위험한 거 군요.,0
[ 앵커] 일사병과 열사병 피하려면 어떻게 해야 됩니까,0
[ 인터뷰] 현재 태풍은 규모가 당초 예상했던 것보다 조금 작아져서 태풍의 반경이 현재 220km 정도가 되고요.,0
중심 기압은 985헥토파스칼 정도가 되는데요. 그러한 소형 태풍으로 규모가 작아졌습니다.,0
그렇지만 곤 파스가 가져왔던 재산 피해는 1700억 정도로 그리고 사상자는 17명 정도가 났거든요.,1
그래서 굉장히 큰 피해를 가져왔었는데 이번 19호 태풍 솔릭은 곤 파스와 비교해서 볼 때 곤 파스보다 훨씬 큰 강도도 크고 규모도 큰 그러한 태풍입니다.,0
했었는데 여전히 영향은 받을까요[ 인터뷰] 태풍의 규모가 반경이 현재 220km 정도가 되기 때문에 강릉에서 속 초까지 는 220km 반경 안에 들어갑니다.,0
[ 앵커] 우려했던 만큼의 위력은 아니었으니까 피해는 많이 남기지 않고 좋은 기능만 해 주고 갔으면 좋겠네요.,0
[ 앵커] 여름 철 차량 안에 갇혀 영· 유아가 숨지는 등 차량 안 안전사고가 끊이질 않고 있습니다.,0
이 지역에 계신 분들은 비 피해 없도록 조심하셔야겠습니다. 앞으로 비는 오전까지 이어진 뒤 오후부터 차차 개겠는데요. 예상되는 비의 양은 남해안과 제주도 영동 지방에 2070mm 고요 충 청과 남부 내륙에 540mm 입니다.,0
산이나 계곡 등 피서지에서 침수 고립 사고를 조심하시기 바랍니다.,0
오늘은 해안가 날씨도 주의 깊게 살펴보셔야겠습니다. 동해안에는 너울 성 파도가 방파제나 해안도로를 넘을 가능성이 있겠는데요. 당분간 바닷물의 높이가 높은 기간이라 서해안과 남해안 저지대에서는 침수피해도 조심하셔야겠습니다. 지금까지,0
인솔교사와 버스 기사는 업무상 과실 치상 유치원 원장과 주임교사는 업무상 과실 혐의가 적용됐는데요. 경찰은 불볕 더위와 아이가 입은 피해의 상관관계를 입증하기 위해 유치원 버스 내부가 얼마나 뜨거웠는지를 조사하고 있습니다.,0
[ 앵커] 피해 어린이의 상태는 호전되고 있습니까,0
우선 다음 달까지 13살 이하 어린이의 통학차량에 대해 전수조사하기로 했습니다.,0
여름 휴가 기간 내내 날마다 청 남대 조깅 코스를 2㎞ 씩 달리며 보냈다는 김영삼 전 대통령 1993년 여름 휴가 직후 금융실명 제법을 전격적으로 발표하면서 ' 청 남대 구상' 이라는 말을 처음 만들어 냈는데요. 하지만 이듬해 인 1994년에는 기록 적인 폭염과 극심한 가뭄으로 피해가 속출해 휴가를 연기했습니다.,0
[ 앵커] 질병으로 죽은 닭을 냉동 보관해 오다 폭염 등 재해 사고로 위장해 보험금을 타낸 양계 농민들이 경찰에 적발됐습니다.,0
경찰 조사 결과 이들은 보험료의 절반을 정부로부터 지원 받으면서 살아 있는 닭까지 일부러 죽인 것으로 확인됐는데 축협 직원들도 한 통 속이었습니다.,0
[ 기자] 양계장 냉동 창고에 죽은 닭들이 담긴 상자가 가득 쌓여 있습니다.,0
질병 등으로 폐사한 닭들 로 양계 농민이 던 홍 모 씨가 가축 재해 보험금을 타내기 위해 모아 놓은 것 들입니다.,0
홍 씨는 냉동창고에 보관하던 죽은 닭들을 폭염이 발생해 죽은 것이라고 속여 보험금을 청구했습니다.,0
홍 씨가 4년 동안 타낸 보험금은 6억 2천만 원으로 경찰 조사 결과 환풍기를 멈춰 살아 있는 닭을 고의로 죽여 놓고 정전 사고로 위장해 보험금을 타낸 적도 있었습니다.,0
축협 직원 김 모 씨 등은 보험료의 절반을 국가 보조금으로 지원해 주는 가축 재해보험에 양계 농민들을 가입하도록 한 뒤 손해사정 사 등과 서류를 조작해 보험금을 타냈습니다.,0
[ 조 상규 충남지방 경찰청 광역수사 대장 사육 수수료로 받는 금액보다 폭염이나 자연재해로 닭들이 폐사한 것으로 위장하면 보험금을 더 많이 지급 받기 때문에….] 축협 직원들은 전 북 군산에 양계장을 임대해 운영하면서 재해 보험금 4억 원을 직접 챙기기도 했습니다.,0
피서철을 맞아 침수나 고립 사고 등의 위험이 있는 만큼 기상정보를 잘 참고 하시기 바랍니다.,0
산불 등 화재 예방에 신경 써 주시기 바랍니다.,0
올해는 유난히 긴 폭염과 가뭄으로 농가가 포도를 재배하는 데 어려움을 겪었습니다.,1
더위를 피해서 재미있게 물놀이 즐기시고 돌아가실 때는 본인의 쓰레기도 직접 챙겨 환경을 생각하는 멋진 모습도 잊지 말 아야겠습니다.,0
[ 앵커] 가뭄 해소는 좋은데 이게 긴 기간 동안 적당히 조금씩 와 주면 좋을 텐데 짧은 기간에 너무 한꺼번에 많이 내리면서 침수 피해 나고 농작물 피해 나고 이게 지금 문제잖아요.[ 인터뷰] 그렇습니다.,0
지금 사실은 가장 큰 문제가 이렇게 집중적으로 시간당 어제는 광주가 70mm 오늘은 대전이 60mm 이렇게 내렸는데 이 정도 내리면 침수피해가 나거든요.,0
단시간에 아주 짧은 시간에 아주 많은 강수량이 집중될 때 침수 범람 산사태가 나오거든요.,0
그러다 보니까 사실 피해가 많은 점은 있습니다.,0
그러니까 실제로 광주나 대전에 60 70mm 가 내렸다면 거의 침수나 범람할 가능성이 굉장히 높다는 것이죠.,0
[ 앵커] 그렇다면 시간당 60mm 70mm. 이 정도 온다고 예보가 되고 비가 실제로 그렇게 온다고 그러면 침수가 될 것을 각오하고 가능한 높은 곳으로 대피를 해야겠네요.[ 인터뷰] 그게 가장 좋죠.,0
그런 분들이 권고하셔서 그러면 재산피해는 있을 수 있지만 어쨌든 중요한 귀중품은 갖고 나올 수 있고요.,0
인명피해는 없거든요.,0
밤사이 더위를 식혀 주는 비가 내리기 때문인데 남해안에는 120mm 가 넘는 호우가 예고돼 피해가 우려됩니다.,0
맹위를 떨치던 폭염은 기세가 꺾이지만 이번에는 비 피해가 우려됩니다.,0
[ 홍 종 남 기상청 예보분석 관 남부지방과 충청 남부에 비가 내리다가 오후에 대부분 그치겠고 특히 9일 내일 오전까지 전라도와 경남 제주도를 중심으로 시간당 30mm 이상의 강한 비가 오는 곳이 있겠으니 비 피해 없도록 유의하시기 바랍니다.],0
산사태나 침수 등 시설물 피해뿐 아니라 산간이나 계곡에서는 고립사고 나 인명 피해도 우려되는 상황입니다.,0
어제 17일 낮 12시 50분 쯤 원주시 건 등리의 한 밭에서 85살 박 모 씨가 숨진 채 발견됐습니다.,1
소방당국은 누군가 쓰러져 있다는 신고를 받고 출동해 숨진 박 씨를 발견했습니다.,1
경찰은 고령의 박 씨가 뙤약볕에서 일하다가 숨졌을 가능성 등을 조사하고 있습니다.,0
밤사이 더위를 식혀 주는 비가 내리기 때문인데 남해안에는 120mm 가 넘는 호우가 예고돼 피해가 우려됩니다.,0
맹위를 떨치던 폭염은 기세가 꺾이지만 이번에는 비 피해가 우려됩니다.,0
산사태나 침수 등 시설물 피해뿐 아니라 산간이나 계곡에서는 고립사고 나 인명 피해도 우려되는 상황입니다.,0
[ 앵커] 지금 전국 대부분에 폭염 특보가 발효 중이고 경기도에서는 닭이며 돼지 9만 마리가 폐사까지 됐는데 앞으로 얼마나 더 더워 집니까,1
그가 사들인 주택은 지상 2 층 지하 1 층 규모로 면적은 371㎡110 평 대에 달한다.,0
보가 숨졌습니다.,0
[ 기자] 서부 경남에서 가뭄 피해가 심각한 곳은 사천과 하동입니다.150ha에,1
더군다나 경남에는 당분간 큰비 소식이 없어 가뭄 피해는 확산할 것으로 보입니다.,0
물적 피해사고까지 포함한다면 전체의 40 정도 되고요.,0
심하면 자동차 화재로까지 이어질 수 있습니다.,0
[ 앵커] 기록 적인 폭염에 이어 태풍까지 한반도를 관통할 것으로 예보돼 농작물 피해가 우려되는 상황인데요.,0
피해를 줄이려면 농작물이 바람에 쓰러지거나 침수 피해를 보지 않도록 해야 하는데 아직 대비가 미흡한 곳은 서둘러 준비해야 하겠습니다.이,0
침수된 농경지는 빨리 물을 빼줘야 하고 농작물에 묻어 있는 흙과 오물 등은 제거해야 합니다.,0
[ 최 재선 충북 농업 기술원 원예기술팀장 태풍이 지나가고 난 다음에는 농작물을 12일 이내에 바로 세워 줘야 하고 병해충이 발생할 수 있습니다.,0
축사는 많은 비가 내린 뒤 가축 전염병이 돌기 쉽기 때문에 소독과 예방 접종에 신경을 써야 합니다.,0
[ 기자] 동네 어르신들이 더위를 피해 나무 그늘 밑에 모여 앉았습니다.,0
이와 함께 현장 작업자가 일사병이나 열사병에 걸리지 않도록 휴식시간을 보장하고 승객들의 편의를 위해 59개 주요 역사와 열차 안에 생수와 물수건 부채 등 비상용품을 비치하기로 했습니다.,0
[ 앵커] 폭염이 계속되면서 바다도 뜨거워져 양식 어민들의 피해가 끊이지 않고 있죠.,0
육지보다 늦게 데워 진 바다의 고온 현상은 다음달 초까지 계속되면서 그 피해가 눈덩이처럼 커질 것으로 우려됩니다.,0
지난 열흘 동안 완도 바다 양식장에서는 전복 2500만 마리가 폐사했고 여수 양식장에서는 69만 마리 통 영은 백만 마리 가까운 어류가 죽은 채 떠올랐습니다.,1
다만 바다는 육지보다 열을 더 오래 잡아두기 때문에 폭염이 지나갔을 다음달 초까지 도 어패류 폐사와 적조 위험에 대한 경계를 늦출 수 없을 것으로 보입니다.,0
이에 따라 서울시는 서울에 있는 67개 의료기관 응급실을 찾은 열사병이나 열 탈진 등 온 열 질환자를 신고 받고 시민 행동 수칙을 안내할 예정입니다.,0
오존은 폭염 속에 자동차 배기가스가 햇볕에 의해 분해되면서 생기는 오염물질로 호흡기와 눈 피부 등에 피해를 줍니다.,0
동해안의 바닷물 온도 상승으로 양식장 물고기가 폐사하는 지역이 넓어 지고 있습니다.,1
경상북도는 지난 4일 경북 포항의 양식장에서 처음 폐사한 사례가 확인된 이후 오늘 8일 경북 영덕과 울 진의 양식장에서도 고 수온 현상에 따른 어류 폐사가 확인됐다고 밝혔습니다.,1
포항에서는 지난 4일부터 닷새 동안 22개 양식장에서 넙치와 강도 다리 등 18만 마리가 폐사한 것으로 확인됐습니다.,1
또 영덕에서는 4개 양식장에서 물고기 만 천마리가 폐사했고 울 진에서는 3개 양식장에서 만 2천 마리가 죽은 것으로 집계됐습니다.,1
고수 온 현상은 당분간 이어질 것으로 전망돼 양식장 피해는 커질 것으로 보입니다.,0
호우로 시작된 올 여름 장마. 다음 주 초까지 장마 전선이 활성화되면서 국지적으로 300mm 가 넘는 게릴라 호우를 쏟아부을 것으로 보여 비 피해에 대한 철저한 대비가 필요합니다.,0
일부 시민들은 공원을 찾아 더위를 식히고 있고 아이들은 시내 곳곳에 설치된 분수대에서 더위를 피해 물놀이를 하고 있는 모습입니다.,0
이달 들어 11명이 폭염으로 탈진해 병원으로 옮겨 지는 등 더위 피해도 나타나고 있습니다.,1
소방당국은 최고 기온이 30 도를 넘는 폭염에는 야외활동을 자제하고 일사병이나 열사병 증세가 나타나면 곧바로 그늘로 자리를 옮겨 휴식을 취하라고 당부했습니다.,0
[ 앵커] 기록 적인 폭염과 가뭄으로 인한 농축산물 피해가 확산하면서 추석 물가에도 비상이 걸렸습니다.,1
저수지는 바닥을 드러내고 밭과 과수원 등에서는 피해가 속출하고 있습니다.,1
[ 김 태엽 농민 과거에는 하늘만 보고 농사를 지어 왔는데 하늘만 보지 않고 어떻게 하면 피해를 덜 볼까….] 지난 13일 기준으로 전국의 농작물 피해 면적은 2300ha를 훌쩍 넘었습니다.,1
특히 추석 제사상에 오르는 사과와 포도 등 주요 과수 농가의 피해가 가장 컸습니다.,1
가축 폐사도 속출하면서 축산 물 가격도 심상치 않습니다.,1
전국에서 544만 마리가 폐사했는데 밀집 사육으로 더위에 취약한 닭이 509만 마리로 대부분을 차지했습니다.,1
그러면서 올해 들어 안정세였던 닭 값이 상승세로 돌아섰습니다.,0
추석이 한 달 앞으로 다가오면서 농가의 시름과 소비자의 부담이 날로 커지고 있습니다.,0
여름철 소나기는 짧은 시간에 매우 강하게 내리는 만큼 산악과 계곡에서 갑자기 물이 불어나 피해가 발생할 수 있습니다.,0
산이나 계곡을 찾는 분들 피해 없도록 대비 잘해 주시기 바랍니다.,0
[ 앵커] 수도권에는 호 우 피해가 속출하고 있지만 남부는 여전히 찜통 더위입니다.,1
면 지금 강수 패턴이 2000년대 이후부터 는 강수 일수는 줄어드는데 강수량은 늘어나는 추세 거든 요. 이 얘기는 비의 집중도 그러니까 비가 오면 한 번에 많이 오고 집중 호우가 내릴 확률이 높아 진다는 거거든요. 패턴이 바뀌고 있기 때문에 올해 장마도 옛날 고전적인 장마처럼 넓은 지역에 비가 많이 내리는 이런 형태가 아니고 장마인데도 불구하고 아주 좁은 지역에 국지적으로 쏟아붓는 그래서 피해가 오히려 더 크게 나는 이런 형태의 장마가 올해 발생할 것으로 그렇게 예상을 하고 있습니다.,0
하지만 침수 피해가 크다 보니 인력과 장비가 부족한 실정입니다.,0
주택이 모두 침수되다 보니 마을 주민들은 작은 컨테이너나 차에서 휴식을 취하거나 잠을 청하고 있습니다.,0
지금까지 충북에서 수해로 7명이 사망하고 피해 금액은 295억 원으로 잠정 집계됐습니다.,1
수해 피해 지역 민은 물론 인터넷에서 뉴스를 접한 네티즌들이 표를 예매할 수 있다며 예약사이트까지 띄워서 보여주는 등 이들에 대한 비난이 거센 상황이기 때문입니다.,0
전국 곳곳에 피해를 주기도 했지만 가뭄 지역의 농민들과 래프팅 업체에는 큰 도움이 된 장맛비. 본격적인 무더위가 이어지면서 계곡 등에서 물놀이하며 더위를 피하는 피서객들의 발길은 당분간 이어질 것으로 보입니다.,0
이 곳 한강 공원을 찾은 시민들도 밤을 잊은 무더위를 피해 보려 물가에서 밤 시간을 보내고 있습니다.,0
또 불이 난 집 내부와 집기류가 타 소방서 추산 5천여만 원의 재산 피해가 났습니다.,1
경찰과 소방당국은 에어컨에서 불이 시작됐다는 집주인 진술을 토대로 정확한 화재 원인을 조사하고 있습니다.이,0
실내 물놀이 장에도 뜨거운 햇볕을 피해 더위를 날리려는 피서객들 로 북적이고 있다고,0
특히 남해안 지역은 오늘 밤 사이 만조 시기가 겹쳐 저지대 침수 피해가 우려됩니다.,0
[ 앵커] 이렇게 더운 날에는 일사병이나 열사병을 조심해야 되는데 두 개 어떤 차이가 있을까요,0
[ 캐스터] 일사병 와 열사병의 증상은 비슷합니다.,0
예를 들어 두 질환 모두 조금만 바깥에 있어도 어지럽거나 힘이 없고 또 심하면 구토까지 하게 되는데요. 일사병과 열사병을 가장 쉽게 구별할 수 있는 방법은 바로 ' 땀' 입니다.,0
반면 열사병은 땀이 나는 일사병과 정반대로 땀을 거의 흘리지 않는다는 겁니다.,0
일사병 증상이 심해 지면 열사병으로 이어질 수 있고요.,0
열사병에 걸리면 사망 위험이 30로 일사병보다 훨씬 높습니다.,0
특히 낙뢰도 하루에 만 번 이상 발생하고 있어 피해가 우려됩니다.,0
결국 리 용호 외무상의 발언을 한마디로 이야기하면 북한은 할 만큼 했는데 미국이 지금 움직이지 않고 있다 이런 이야기 거든 요. 그러니까 동창리 ICBM 미사일 시험장 폐쇄도 했고 또 유해도 55 구 송환을 했고 전체적으로 북한은 행동을 하고 있는데 미국은 그동안 했던 게 한미 군사훈련을 일시적으로 중단하는 영구 중단도 아니고 우선 비핵화 논의가 진행되는 동안에 중단하겠다는 이런 정도만 했기 때문에 김 정은 위원장 리 용호 외무상 입장에서는 미국이 보다 더 근본적이고 북한을 움직일 수 있는 그런 조치를 해야 되는 것 아니냐.,0
따라서 다음 주 중반 이후부터 는 폭염이 끝나겠지만 게릴라성 호우나 태풍 피해를 대비해야 할 것으로 보입니다.,0
설상 가상 폭우에 이어 태풍 피해가 겹칠 것으로 우려되는 상황이었습니다.,0
[ 앵커] 계속되는 폭염으로 축산 농가들이 비상에 걸린 가운데 폐사하는 가축이 급증하고 있습니다.,1
[ 정윤 석 전 북 익산 점박이 농장 분만하고 나서 일주일 정도 지나서 죽거나 이유 직전 26일이나 25일 정도 됐을 때 그때 가서 죽고 스트레스를 받으니까….] 폭염이 일주일 이상 계속되면서 가축 피해가 급증하고 있습니다.,1
특히 열에 민감한 닭의 폐사율이 높습니다.,0
가축 재해 보험금 신청을 위해 농가가 농식품 부에 신고한 폐사 가축 수가 백만 마리를 넘은 가운데 닭이 대부분인 97만 마리를 차지했습니다.,1
아직 소는 폐사한 사례가 신고되지 않았습니다.,0
비 한 방울 내리지 않는 폭염은 앞으로 최소 열흘 이상 계속될 것으로 전망돼 가축 피해가 우려됩니다.,0
최근 폭염과 가뭄으로 심각한 녹 조 피해를 겪고 있는 낙동강 현장을 둘러보며 대책을 제시했습니다.,0
더위에 지쳐 숨진 가축 수만 574만 마리로 5년 만에 최고 치를 기록하기도 했죠.,1
카페와 영화관 대형 마트와 쇼핑몰로 더위를 피해 피난 가신 분들 많으신데요.,0
그런 것을 봤을 때 전체적인 죄에 있어서 죄를 부인하고 있고 또 2차 적인 피해를 하고 있고 이런 것을 종합했을 때 일반적인 성범죄에 있어서 어떤 구형량 정도는 했다.,0
면 사실 자기는 엄청난 2차 피해를 당했다.,1
그래서 재판이 계속 진행되는 동안에 통조림에 있는 음식처럼 정말 죽은 그런 심정이었다라고 얘기하면서 자신과 같은 그런 2차 피해가 도저히 있어서는 안 되고 자신이 정말로 한강에 뛰어들어서 죽고 싶었는데도 불구하고 뛰어들어서 스스로 삶을 정리하지 않은 이유는 자신이 유일한 증거기 때문에 증거가 사라지면 무죄가 되기 때문에 자신이 그런 자살 충동을 억제했다 라면서 계속 재판부에 억울함을 호소하는 그런 모습이었습니다.,0
그러다 보니까 2차 피해를 호소하는 일도 있었는데 어떻게 평가하십니까,0
김 지은 씨 같은 경우는 2차 피해를 호소하면서 안희 정 지사 측의 인물들이 의도적인 거짓으로 지금 진술을 하면서 진실을 왜곡했다라고 주장을 하고 있거든요.,0
충청남도는 지난 20일 오후 5시 쯤 금산군에 거주하는 40대 남성이 전 북 무주군 부남면의 한 인삼밭에서 쓰러졌다가 다음날 새벽 숨졌다고,1
충남에서는 어제 24일까지 69명의 온 열 질환자가 발생한 것으로 파악됐으며 지난 21일 충남 홍성에서 숨진 20대는 사인이 심정지로 확인되면서 온 열 질환자에서 제외됐습니다.,0
전 북에서 온 열 질환으로 숨진 사람이 3명으로 늘었습니다.,1
전라 북도는 전 북 김제에 사는 86살 윤 모 할머니가 자신의 집 뒷마당에서 쓰러진 채 발견돼 소방당국이 출동했지만 결국 숨졌다고,1
소방 당국과 병원 측은 윤 할머니가 어제 24일 오후 5시 쯤 폭염에 의한 열사병으로 쓰러져 숨졌지만 뒤늦게 발견된 것으로 보고 있습니다.,1
전 북에서는 올해 윤 할머니를 포함해 70명의 온 열 질환자가 발생했고 이 가운데 3명이 숨졌습니다.,1
네 이 멍 구 지역에서는 지난달부터 계속된 불볕 더위로 농작물 피해가 커지고 있습니다.,1
계속해서 피해가 발생하고 있는 만큼 대비 더욱더 철저히 해 주시기 바랍니다.,0
우려했던 침 수나 낙과 피해도 크지 않았던 것으로 나타났습니다.,0
농작물에는 깨하고 생강이랑 뭐든지 다 말라 죽는데 약비 왔죠.],0
강풍으로 인한 낙과 피해도 우려했던 만큼 크지 않았습니다.,0
태풍이 상륙한 전 남 일부 지역에서만 피해가 발생했고 전 북과 충북 등에서는 바람으로 인한 피해가 거의 없었습니다.,0
애써 봉지를 씌운 배가 이렇게 과수원 곳곳에 떨어져 있지만 우려했던 만큼의 낙과 피해는 없는 것으로 나타났습니다.,0
개화기 때 이상 저온과 폭염 때 햇빛 데 임으로 피해를 본 사과 농장은 이번 비로도 해갈이 덜 됐습니다.,0
한낮에 장시간 야외 활동을 하다 보면 일사병과 열사병 등 온 열 질환 위험성이 무척 커집니다.,0
집중 호우로 인한 피해가 없도록 주변 시설물 점검 꼼꼼히 해 주시기 바랍니다.,0
저지대 침수 피해와 함께 해안가 피서객들은 안전사고에 주의하시기 바랍니다.,0
그 사이에 숨진 사람은 10명이나 되는데 올해 발생한 온 열 질환 사망자 13명 가운데 77가 이 시기에 나온 것으로 집계됐습니다.,1
[ 앵커] 고 온이 계속되면 소와 돼지 같은 가축들은 생명이 위험할 수 있어 일찍 찾아온 폭염에 축산 농민들은 축사 내부 온도를 1도라도 더 낮추기 위해 안간힘을 쓰고 있습니다.이,0
최근 폭염이 지속하면서 축사 내부 온도를 1도라도 낮추기 위해 이렇게 환풍 시설을 농가에서 24 시간 가동하고 있습니다.,0
이 돼지 농가는 찬물로 식힌 바람을 축사에 불어넣어 내부 온도를 낮추고 있습니다.,0
폭염이 예년보다 일찍 찾아오면서 축산 농가들도 서둘러 온도 낮추기 전쟁을 시작했습니다.,0
이미 많은 비가 내려 지반이 약 해져 있는 만큼 산사태나 축대 붕괴 등 호우 피해에 미리 대비하시기 바랍니다.,0
[ 조선 중앙 TV 지난해 8월 깊은 층 물 뽑아 대기 등을 진행해서 농작물들이 가 물을 타지 않게 하고 있습니다.],0
당국의 배급량이 줄었지만 시장에서 먹거리를 살 수 없는 계층의 피해는 더욱 심각한 것으로 알려 졌습니다.,0
비 피해 없도록 미리 대비하시기 바랍니다.,0
실종 신고가 접수된 60대 장애인이 폭염 속 자택 인근 빌라 옥상에서 숨진 채 발견됐습니다.,1
부천 오정경찰서는 지난 22일 저녁 7시 반쯤 부천시 고강동의 빌라 옥상에서 정신 지체장애 4 급 62살 A 씨가 숨진 채 발견됐다고 밝혔습니다.A,1
국과수에 부검을 의뢰한 경찰은 열사병으로 인한 사망을 고려할 필요가 있다는 구두 소견을 전달 받았습니다.A,0
오늘과 내일은 제주와 남해안에 주말은 남부 지방에 강한 비가 예상되니까요 시설물 피해 없도록 미리 대비하시기 바랍니다.,0
한국소비자원에 접수된 야외 운동기구 피해 사례는 지난 2013년 12건에서 지난해 24건으로 2년 사이 두 배나 늘었습니다.,1
추가 피해가 우려됩니다.,0
피해 없도록 철저한 대비가 필요하겠습니다.,0
태풍 ' 솔 릭' 은 지나갔지만 내일부터 게릴라성 호우가 예보된 만큼 주말 동안 피해 복구 작업과 함께 주변 점검을 철저히 해주셔야겠습니다.[ 앵커] 오늘 말씀 고맙습니다.,0
특히 남해안 지역은 오늘 밤 사이 만조 시기가 겹쳐 저지대 침수 피해가 우려됩니다.,0
[ 화재 목격자 119 소 방차 소리도 나고 냄새도 났는데 사장님이 깨워서 밖으로 나왔어요],0
소방서 측은 1 층 주차장에 세워 진 차량에서 불이 시작된 것으로 보고 정확한 화재 원인을 조사하고 있습니다.,0
오늘 화재 예방에도 주의가 필요합니다.,0
더위를 이기지 못한 일부 주민은 아예 자동차로 대피해 밤을 지새웠습니다.,0
피해 없도록 대비 잘해 주시기 바랍니다.,0
[ 앵커] 폭염이 이어지며 제주에서는 바닷물 온도가 올라 양식 넙치가 잇달아 폐사하고 있습니다.,1
고수 온 현상이 당분간 계속될 전망이어서 추가 피해가 우려됩니다.,0
제주도에 폭염이 이어지면서 양식장의 바닷물 온도가 최고 29도까지 치솟았습니다.,0
적정 수온 인 24 도가 훌쩍 넘자 넙치들이 잇달아 폐사하는 겁니다.,1
이 양식장에서만 지난 열흘 동안 40 톤에 달하는 넙치가 폐사했습니다.,1
[ 고성 국 피해 양식장 주인 수온이 상승하면서 수족관 안의 산소량이 급격히 떨어져서 고기들이 견딜 수 없어서… 수온이 빨리 떨어지기를 기다리는 것 외에는 특별한 방법이 없는 것 같아요.],0
지금까지 제주 서부 지역의 양식장 5 곳에서 넙치 6만 9천여 마리가 폐사한 것으로 집계됐습니다.,1
폭염이 계속되면서 제주뿐만 아니라 경남과 전 남 충남 지역의 연안 어패류 양식장에도 비상이 걸렸습니다.,0
앞서 지난해 8월에는 경남 통영과 거제 전 남 완도 등지에서 높은 수온에 우럭과 전복 등이 대규모로 폐사해 수십억 원의 피해가 발생하기도 했습니다.,1
이번 고수 온 현상이 다음 달 중순까지 이어질 것으로 보이면서 정부는 24 시간 현장 대응 팀을 운영하고 양식장에 액화산소 공급을 늘리는 등 지원책 마련에 나섰습니다.,0
가장 먼저 업계 6위인 메리 츠 화재가 최근 보험 개발원에 보험료율 검증을 의뢰했습니다.,0
삼성 화재와 현대 해상 등 대형 업체들도 연내 인상을 위해 필요한 자료 준비를 끝내고 조만간 요 율 검증을 의뢰할 것으로 알려 졌습니다.,0
경남 남해군에 있는 한 밭에서 콩을 수확하던 80대가 숨진 채 발견됐습니다.,1
경찰은 10년 전부터 고혈압 등을 앓아 온 A 씨가 폭염에서 밭일을 하다 열사병으로 숨진 것으로 보고 있습니다.,1
댐 하류로 피해가 확산하고 있는 가운데 3천여 명은 여전히 고립돼 구조의 손길을 기다리고 있습니다.,1
직원들이 재빨리 대피해 다친 사람은 없었지만 부화장 한 개 동이 모두 타 8천만 원의 재산피해가 났습니다.,1
4 살 여자아이가 숨지는 일이 벌어졌습니다.,1
어제 17일 오후 4시 50분 쯤 이 차량의 가장 뒷좌석에서 4살 김 모 양이 숨진 채 발견됐습니다.,1
[ 경기 동두천 경찰서 관계자 부검 끝나고 나서 사망 원인 나오고 그다음 피의 자로 입건을 해야 죠.] 앞서 지난 4일에는 경남 의령에서 할아버지 차에 4시간 동안 홀로 남겨 졌던 세 살배기 아기가 열사병으로 목숨을 잃기도 했습니다.,1
연일 계속되는 불볕 더위로 인명피해도 속출하고 있습니다.,1
일사병과 열사병 증세로 병원으로 이송된 환자가 1500명이 넘었고 사망자도 잇따르고 있습니다.,1
[ 야마 모토 이시 히로 자원봉사자 1995년 고베 대지진 때 피해를 입었는데 그때 자원봉사자들의 도움을 받은 경험이 있습니다.],0
열사병과 탈진 위험성이 무척 큰 만큼 반드시 한낮에 장시간 실외활동은 피하시기 바랍니다.,0
무더위를 피해 물놀이 즐기러 가시는 분들 많을 텐데요.,0
피해 현장을 나 현호 기자가 다녀왔습니다.,0
올 여름 극심한 가뭄으로 섬 곳곳에 벼가 말라죽는 피해가 나고 있는 겁니다.,1
이 섬에서만 현재까지 5 헥타르 논이 가뭄 피해를 보고 있습니다.,1
그런 피해의식이 있는데 말씀하신 대로 김 병 준 비대위원장으로 취임하자마자 김 영란 법 청탁 금지법 위반 사항이 터지니까 그렇지만 기본적으로 미 투 사건도 한번 되짚어 보면 그럴 것 같아요.,0
요즘 폭염이 계속 이어지고 있는데요. 어제 어린이집 차에 4 살 아이가 7시간 동안 방치됐다가 숨진 사건이 발생했습니다.,1
어제 숨진 4 살 아이 발견했을 때 이미 사후 강직까지 된 이런 상황이었다고,0
특히 장마 중에 찾아오는 무더위는 높은 습도 탓에 일사병과 열사병 등 온 열 질환 위험이 더 큰데요.,0
특히 폭염 주의보가 내려지면 일사병 열사병 발병률이 평소보다 4 배 이상 높아 집니다.,0
이 사고로 인명피해는 없었지만 이곳을 지나던 차량 10 여 대가 일부 파손됐습니다.,1
새 누리 당 이 정현 대표는 오늘 충남 서산 가두리 양식장을 찾아 올여름 최악의 폭염에 따른 피해와 정부 지원 대책 방안 등을 점검합니다.,0
이 지역에서는 이달 들어 폭염이 이어지면서 수온이 상승해 가두리 양식장 10 곳에서 기르던 우 럭 수만 마리가 집단 폐사하는 등 피해가 발생했습니다.,1
이 대표는 인근 보령까지 피해가 확산할 조짐을 보이자 직접 방문해 영어 자금 이자 감면 등의 대책을 모색할 것으로 알려 졌습니다.,0
토요일엔 무려 19 곳에서 침수가 발생하겠는데요 물때가 맞지 않으면 고립이나 침수 피해를 입을 수 있어서 출 조는 고려하셔야겠습니다. 전반적인 모습을 살핀 후에 해역별 침 수 지역과 예상 시간 짚어 보겠습니다.,1
다만 새벽부터 아침엔 침수 가능성이 높으니 출 조 삼가시기 바랍니다.,0
또 남해안에도 침수 주의 경보가 떴습니다.,0
반면 동해안은 대조기의 영향을 덜 받다 보니 침수가 예상되는 곳은 없고요,0
제주와 성산포 서귀포에 물이 높게 차오르면서 밤에 침수가 발생하겠습니다.,0
호 태풍 솔릭은 모레 한반도를 관통할 것으로 보여 피해가 우려됩니다.,0
서해와 남해 상에는 물결이 최대 8m까지 높게 일며 해안가 해일 피해도 우려됩니다.,0
미국 서남부에서 폭염 피해가 잇따르는 가운데 미국 동남부는 열대성 폭풍우 ' 신 디' 가 빠르게 접근하면서 홍수 비상이 걸렸습니다.,0
4살 어린이가 숨졌습니다.,1
열사병이나 탈진 등 온 열 질환 때문에 119 구급 대가 출동한 건수가 지난해보다 3 배 가까이 늘었습니다.,1
사흘째 집에 들어가지 못하고 있는데요. 오늘 피해 주민들이 다시 집으로 돌아갈지 여부가 결정될 전망입니다.,0
[ 앵커] 지금 직접적인 피해가 있었던,0
울릉도와 독도를 제외한 경북 모든 지역에 폭염 특보가 내린 가운데 고령과 김천에서 밭일을 나간 80대 노인 두 명이 잇달아 숨졌습니다.,1
경북 소방본부는 어제 3일 오후 5시 쯤 고령군의 한 마을 밭에서 85살 A 씨가 열사병 의심 증상으로 쓰려 져 숨진 채 발견됐다고 밝혔습니다.,1
앞서 지난 2일 저녁 7시 50분 쯤 김 천의 한 대추 밭에서도 밭일하던 86살 B 씨가 숨진 채 발견됐습니다.,1
비트를 심은 농가는 스프링클러에 의지해 힘겹게 농사를 이어 가고 있습니다.,0
[ 한림읍 비트 농가 비가 안 오면 땅이 굳어서 밭을 갈 수가 없어요.,0
[ 하종현 양묘장 농가 밭에 심어서 물을 못 주면 다 죽어 버리니까 계속 돌려야 하는데 비가 오면 해갈이 되는데 비가 안 오면 힘들어요.],0
비 피해 없도록 미리 대비하셔야 겠습 니다.,0
서울 낮 기온이 올 최고 인 37도까지 오른다고 하는데요 하지만 모레는 8호 태풍 ' 프란시스 코' 가 남해안에 상륙한 뒤 내륙을 관통하면서 비바람 피해가 우려됩니다.,0
이에 따라 전국이 태풍 직접 영향권에 들겠고 특히 영남과 영동은 태풍 진로 오른쪽 위험 반원에 들어 비바람 피해가 우려됩니다.,0
바람도 강하게 불어 태풍이 통과하는 순간에는 평균 초속 1020mm 최대 초속 25m 의 돌풍이 불 것으로 보여 시설물 피해도 우려됩니다.,0
벌써 많은 사람이 더위를 피해 해수욕장을 찾아 왔습니다.,0
곳곳에서 민 소매와 반바지 차림으로 거리를 지나는 시민들을 쉽게 만 나 볼 수 있는데요. 시원한 음료를 마시고 강한 햇볕을 피해 보려고 선글라스를 쓰고 거리를 지나는 사람도 많습니다.,0
폭염이 장기화되며 일사병과 열사병 등의 온 열 질환에 비상입니다.,0
도서관으로 변신한 폐 교가 더운 여름 도심 속 피서지 역할을 톡톡히 하고 있는데요. 아직 나들이 계획 없으신 분들은 가까운 도서관을 찾아 더위도 피하고 책도 읽어 보시면 어떨까 합니다.,0
전국의 바다와 계곡에 막바지 피서객들이 몰린 가운데 강원지역에서 어제 11일 와 오늘 12일 모두 6명의 피서객이 물에 빠져 숨졌습니다.,1
오늘 오전 5시 반쯤 강원도 인제군 기린면 내린천 계곡에서 58살 이 모 씨가 물에 빠져 숨졌습니다.,1
이 씨는 전날 일행과 계곡에서 야영하다 새벽에 잠에서 깬 일행이 이씨가 사라진 것을 보고 주변을 살피다 물에 빠져 숨진 채 발견됐습니다.,1
앞서 오전 3시 반쯤 홍천군 갈마 곡 리 인근 홍 천 강에서 낚시하던 52살 이 모 씨가 물에 빠져 숨졌습니다.,1
20살 장 모 씨가 깊은 곳에 빠져 40여 분 만에 숨진 채 발견됐고 오후 3시 50분 쯤에는 정선군 화 암면 계곡에서도 60대 남성이 물에 빠져 숨졌습니다.,1
50대 남성이 물에 빠져 숨졌고 비슷한 시각 인접한 천진 해변에서도 물놀이를 즐기던,1
51살 이 모 씨가 물에 빠져 숨졌습니다.,1
전기요금은 물론 BMW 차량 화재 등 국민 생활과 직결되는 문제에 적절히 대처했는지 점검하자는 취지입니다.,0
열사병과 일사병에 걸릴 위험이 커지는 만큼 건강에 각별히 신경 쓰시기 바랍니다.,0
계속되는 폭염에 열사병과 탈진 등 온 열 질환에도 주의가 필요합니다.,0
미국에서는 부모의 방심으로 차 안에서 숨지는 아이가 해마다 36명에 달하는 것으로 나타났습니다.,0
한국도로 공사는 날씨로 인해 도로 상황이 좋았고 최근 대형 교통사고가 여러 건 발생하면서 운전자들의 경각심이 높아 진 것도 사고 피해가 감소한 원인으로 보인다고 설명했습니다.,0
잇따른 농작물 피해에 이어 계곡과 약수터의 물까지 말라가고 있습니다.,1
■ 가뭄이 심각 해지자 정부와 여당은 이번 추경에 가뭄 피해 예산을 추가 반영한다는 방침을 세웠습니다.,0
폭염에 취약한 노인과 어린이 등이 숨지는 등 인명 피해도 발생하고 있습니다.,1
4살 어린이가 숨져 경찰이 수사에 나섰습니다.,1
어제 17일 오후 4시 50분 쯤 경기도 동두천시에 있는 어린이집 통원 차량 안에서 4살 A 양이 숨진 채 발견됐습니다.A,1
양은 오늘 오전 다른 원생과 함께 차량을 타고 어린이집에 왔지만 차에서 내리지 못했고 뒤늦게 어린이집 관계자들이 A 양을 찾았을 때는 이미 숨진 상태였습니다.,1
경찰은 숨진 어린이의 사인을 조사함과 동시에 어린이집 교사 운전기사 등을 상대로 사건 경위를 조사하고 있습니다.,0
폭염이 심해 지면 탈진이나 일사병 같은 온열 질환자가 발생하기 쉽습니다.,0
피해 없도록 대비 철저히 해 주시기 바랍니다.,0
사람들은 찜통 같은 열기를 피해 계곡과 물놀이 장을 찾았습니다.,0
[ 기자] 해수욕장을 뜨겁게 달구 던 태양이 자취를 감추자 해변은 폭염을 피해 나온 피서객들 로 붐빕니다.,0
일본에서는 40℃에 육박하는 더위가 며칠째 계속되면서 30명 넘게 숨졌고 수천 명이 온 열 질환을 앓고 있습니다.,1
이 물놀이 장은 규모가 그리 크지는 않지만 있을 것은 다 있습니다.,0
하는데요. 하지만 모레는 8호 태풍이 남해안에 상륙한 뒤 내륙을 관통하면서 비바람 피해가 우려됩니다.,0
8호 태풍 ' 프란 스시 코' 우리나라에 상륙한다면서요[ 기자] 태풍이 모레쯤 우리나라 남해안에 상륙할 것으로 보여 큰 피해가 우려됩니다.,0
기상청은 폭염 주의보가 내려지면 일사병이나 열사병 온 열 질환 가능성이 커진다며 노약자는 낮 동안 외출을 자제하고 물을 자주 마시는 등 건강 관리에 유의해 달라고 당부했습니다.,0
회 단일 공연으로 최다 규모인 이번 콘서트는 티켓 매출만 71억 5천만 원에 달하며 각종 상품 판매까지 합하면 매출이 100억 원에 육박할 것으로 추산됩니다.,0
[ 앵커] 올 여름 폭염과 가뭄 피해로 배추 출하량이 줄면서 배추 가격이 급등했는데요. 실제 작황은 어떻습니까,0
이달 하순 출하되는 삼척과 태 백 정선지역 고랭지 배추는 피해가 더 심해 작황이 평년보다 부진한 것으로 나타났습니다.,1
국내 고랭지 배추 생산량의 90 이상을 차지하는 강원지역 배추 작황은 가격 동향에 큰 영향을 줄 수밖에 없는데요. 이달 하순 강원지역 고랭지 배추 출하량은 중순보다는 많겠지만 고온과 가뭄 피해로 증가 폭이 크지는 않을 전망입니다.,0
산사태와 침수 피해가 우려되는 만큼 대비 철저히 해 주시기 바랍니다.,0
가두리 양식장에서 넙치들이 떼죽음을 당했습니다.,1
이곳에서 키우는 45만여 마리 가운데 5만 마리 가량이 피해를 당했습니다.,1
이곳 양식 장에서 키우는 넙치 10 가량이 반나절 만에 폐사했습니다.,1
어린 개체에서 출하를 앞둔 성체까지 갑자기 죽어 4천여만 원 이상의 피해를 봤습니다.,1
피해 원인으로는 고수 온이 꼽히고 있습니다.,0
넙치 생육 수온은 15도에서 25도 정도 지만 양식 장 직원이 측정했을 때 수온이 29도까지 나왔습니다.,0
양식장 주인은 지난해에도 고 수온으로 넙치 10 정도만 살아남았다면서 지하수 사용 등 대책 마련을 촉구했습니다.,0
앞서 국립 수산 과학원도 남해 안과 제주 일부 해역 수온이 28도 이상에 이를 것으로 예상돼 해당 해역에 고 수온 주의보를 발령한 상황. 폭염에 바다까지 끌어 오르면서 양식 어민들의 피해 예방에 주의가 필요합니다.,0
폭 염이 장기화하며 열사병이나 탈진 등 온 열 질환자가 급증하고 있습니다.,1
농심은 국내 전체 생수 시장 규모도 짧은 장마와 유례없는 폭염의 영향으로 상반기에 4.2 성장했다고,0
그런데 시작부터 곳곳에 국지성 호우가 쏟아질 것으로 보여 비 피해가 우려됩니다.,0
또 야외 작업장의 근로자들은 오후 작업량을 줄이고 휴식 시간을 늘리는 등 폭염으로 인한 피해를 최소화 해야 합니다.,0
포르투 갈 에서는 이달 산불로 60여 명이 숨졌고 스페인에서는 들 불로 2천여 명이 긴급 대피했습니다.,1
[ 앵커] 올 여름 기록 적인 무더위에 에어컨 판매량이 역대 최대 규모를 기록할 것으로 보입니다.,0
지난 4월 대규모 화재로 피해를 본 노트 르담 대성당이 폭염으로 인해 붕괴 위기에 처했다는 예측이 제기됐다.,0
24일 현지 시각 CNN은 필리프 빌 뇌브 노트 르담 대성당 수석 건축가의 말을 인용하며 최근 유럽을 강타한 최악의 폭염이 화재 피해를 본 노트 르담 대성당에 위협이 될 수 있다고,0
유 네스 코 세계문화 유산으로 프랑스의 상징과도 같은 노트 르담 대성당은 지난 4월 15일 화재가 발생하며 첨탑이 붕괴하는 등 이미 큰 피해를 본 바 있다.,1
빌뇌브에 따르면 노트 르담 대성당은 사고 발생 당시 화재 진압을 위해 사용된 고압의 소방수를 견디며 건물 내부에 충격이 누적된 상태다.,0
이번 태풍은 특히 강풍 피해가 클 것으로 우려됩니다.,0
유권자 1억 9300만명 투표소 81만개 등 세계 최대 규모 선거로 기록된 인도네시아 선거에서 선거 관리 직원 최소 270 여 명이 과로로 사망했다.,1
28일 현지 시각 영국 BBC는 지난 17일 총선 대선 지방선거가 한 번에 치러 지며 세계 최대 규모 선거로 기록된 인도네시아 선거에서 장시간 과로에 시달린 선거 관리 직원 최소 270 여 명이 사망했다고,1
그러니까 물이 안 빠져 나 가요 비가 와도. 그러니까 비가 와도 그대로 거의 침수가 되고 범람이 되다 보니까 피해가 크거든요.,0
이 사고로 인명피해는 없었지만 이곳을 지나던 차량 10 여 대가 일부 파손됐습니다.,1
장시간 낚시는 피해 주시고요.,0
[ 앵커] 폭염이 한 달 넘게 이어지면서 대청호에 사는 냉수 어종인 빙어가 폐사하고 있습니다.,1
대청호 수온이 급상승하면서 빙어가 폐사했을 가능성이 높은 것으로 보고 있습니다.이,0
[ 기자] 호수에 작은 물고기들이 죽은 채 둥둥 떠다니고 있습니다.,1
물살이 잔잔한 호수가 쪽에는 폐사한 빙어들이 널브러져 있습니다.,1
하지만 사상 최악의 폭염으로 대청호 수온이 30도 이상 상승하고 물 속 산소량이 줄어들면서 빙어가 폐사한 것으로 추정되고 있습니다.,1
이처럼 빙어가 폐사하자 한국 수자원공사와 옥천군은 수질 오염을 막기 위해 죽은 빙어 수거작업을 벌이고 있습니다.,0
더구나 빙어가 폭염으로 폐사하면서 겨울철에 빙어를 잡아 소득을 올리는 어민들의 생계도 어려워졌다는 점입니다.,0
비 피해 없도록 조심하시기 바랍니다.,0
[ 앵커] 폭염의 기세가 꺾이지 않으면서 그 피해가 계속 불어나고 있습니다.,1
피해를 줄이려 안간힘을 쏟고 있지만 긴 폭염에 농어민들 속이 말이 아닙니다.이,0
닭은 병아리 때보다 오히려 클수록 더위에 약합니다.,0
수시로 물을 뿌려 주는 등 정성을 쏟고 있지만 긴 폭염에 쓰러지는 닭이 속출하고 있습니다.,1
[ 정운 광 폭염 피해 양계 농민 아침에 일어나면 오늘 또 얼마나 더워서 얼마나 죽을까.,0
[ 국민하 폭염 피해 과수 농민 포도는 다 이렇게 삶아 가지 출하 철은 돌아왔고. 뭘 할 수가 없어요.,0
우리가 할 수 있는 일은 이렇게 포장지를 돌려서 햇빛 가리개를 하는 수밖에 없고…] 햇볕에 달궈 진 바닷물 온도가 내려갈 기미를 보이지 않으면서 물고기가 집단 폐사하는 양식장도 계속 느는 추세. 폭염이 길어 질수록 불어나는 피해에 농어민들 속이 바싹바싹 타들어 가고 있습니다.,0
수도권과 영서 지방은 오전에 충 청 북부는 낮에 강한 비가 쏟아질 것으로 보여 산사태나 축대 붕괴 등의 피해에 대비하셔 야겠 습니다.,0
■ 문 재인 대통령이 기업인들과 첫 간담회에서 일자리 창출과 상생협력 중국의 사 드보복 피해 등에 대해 폭넓은 의견 교환을 했습니다.,0
[ 앵커] 적지 않은 비 피해를 안겼던 장맛비가 약해 지자 이번에는 남부지방에 푹푹 찌는 찜통 더위가 시작됐습니다.,0
[ 기자] 천백여 가구 규모의 대단지 아파트가 암흑 천지로 변했습니다.,1
[ 김창 석 정전 피해 아파트 주민 선풍기도 안 들어오고 날씨는 덥고 잠을 자야 하는데 잠은 못 자고….] 푹푹 찌는 날씨에 이처럼 정전이 잇따르자 당국엔 비상이 걸렸습니다.,0
[ 앵커] 그리스 아테네 인근에서 발생한 산불로 인한 피해가 눈덩이처럼 커지고 있습니다.,1
[ 기자] 현지 시각 23일 그리스 중남부 아티카 지역에서 잇따라 발생한 산불이 확대되면서 피해도 커지고 있습니다.,1
아테네 동북쪽에 있는 리조트 ' 마 티 '에서 특히 대규모 인명피해가 발생한 것으로 전해 졌는데 AFP 통신은 가정집과 차량 안에서 희생자가 많이 발견됐다고,1
아테네 동쪽 ' 라 피나 '에 선 차량 아래에서 불에 탄 시체가 3 구가 발견됐으며 부상자 2명은 병원 이송 과정에서 숨졌다고,1
덴마크 인으로 추정되는 관광객 등을 포함한 10여 명은 불을 피해 보트로 대피 하다 실종됐다는 신고도 접수됐습니다.,1
그리스 정부는 40 도가 넘는 고온 현상이 이어지자 열사병 등을 우려해 대표적인 관광지인 아크로 폴리스 폐쇄 명령을 내렸습니다.,0
어린이집 통학차에 아이가 갇혀 숨진 사건과 관련해 경찰이 관계자들을 차례로 불러 조사한 뒤 전원 구속영장을 신청하기로 했습니다.,0
정부는 농산물 수급 안정을 위해 비축 물량을 풀고 가뭄 시설이 취약한 농가를 상대로 급수 대책 지원에 나섰습니다.,0
더위를 견디지 못한 가축 폐 사량도 늘면서 안심할 수만은 없습니다.,1
[ 김 정 욱 농림 축산식품 부 유통소비정책 관 농식품 부는 폭염 장기화에 따라 농축산물 피해 및 수급 상황을 면밀하게 모니터링하고 수급 불안이 예상되는 품목은 선 제로 수급 안정 대책을 추진할 계획입니다.],0
정부는 30억 규모의 가뭄 예산을 일찍 풀어 관개시설이 갖춰 지지 않은 밭 중심으로 급수 시설 개발에 나서고 간이 급수시설 설치와 살 수차 운영 등에 대한 비용도 지원하기로 했습니다.,0
폭염과 가뭄으로 어려움을 겪었던 생산 농민들도 올해는 작황 상태가 너무 좋지 않아 피해가 컸다고,1
50대가 열사병으로 숨졌습니다.,1
경상북도는 어제 21일 오전 11시 쯤 경북 봉화군 소천면 야산에서 나무를 베 던 56살 박 모 씨가 쓰러져 병원으로 이송됐지만 숨졌다고,1
소방 당국은 헬기를 이용해 박 씨를 봉화에서 안동으로 옮겼지만 끝내 숨졌다고,1
경찰은 박 씨가 무더위 속에서 작업 하다 열사병 증세로 숨진 것으로 보고 있습니다.,1
일본기 상청은 전국 각지에 고온 주의보를 발령하고 열사병 등 온 열질환 예방에 주의를 당부했습니다.,0
불볕 더위가 일주일 넘겨 이어지면서 열사병 증세로 목숨을 잃거나 병원으로 이송되는 등 피해가 잇따르고 있습니다.,1
직접적으로 앞으로 곧 진행해야 될. [ 인터뷰] 지금 당장 제일 먼저 하기로 한 것이 접경지대의 숲이 병해충에 피해를 입은 지역들이 있습니다.,1
한밤중에 발생한 화재로 차량 주인들은 날벼락을 맞았습니다.,1
사람은 힘든데. 좀 시간 분배를 해서 더운 시간을 피해서 일하고 있습니다.],0
무더위가 이어지며 2주 전과 비교해 3 배 많은 백 45명이 지난주 일사병이나 열사병 등 온 열 질환으로 병원을 찾았습니다.,1
중부는 비 피해에 남부는 건강 관리에 주의를 기울이는 하루 되시기 바랍니다.,0
한 상훈은 강철 아버지의 사격선수 동료 이자 피해 망상을 가진 인물로 오성 무는 강철이 믿을 수 있도록 자신의 얼굴을 사용했다.,0
오늘은 열사병과 탈진의 위험성이 무척 큽니다.,0
[ 앵커] 경남 통영에서 올해 들어 처음으로 적조 피해가 발생했습니다.,1
폭염으로 바닷물의 온도가 30도 가까이 치솟는 고 수온까지 계속되면서 양식장에서는 집단 폐사가 잇따르고 있습니다.,1
[ 기자] 이달 초 경남 통영의 한 가두리 양식장에서 말쥐치 2만여 마리가 집단 폐사했습니다.,1
국립 수산 과학원이 폐사한 물고기를 검사한 결과 적조가 원인으로 6천 5백만 원 정도의 피해가 발생한 것으로 추정됩니다.,1
경남 해역에서 적조 피해가 발생한 건 지난 2015년 이후 3년 만입니다.,1
경남 도내 다른 양식장 37 곳에서도 23만여 마리가 집단 폐사했는데 검사에서 적조가 원인으로 밝혀질 경우 피해 금액은 더 늘어날 전망입니다.,1
기록 적인 폭염 등으로 연안 해역의 수온이 30도 가까이 치솟으면서 바닷물을 끌어 다 쓰는 육상 양식장에서도 집단 폐사가 잇따르고 있습니다.,1
적조와 고 수온 피해가 계속되자 전 남과 경남도는 추가 예산 편성과 함께 현장 대응 팀을 가동하며 어민 지원에 나섰습니다.,1
그 밖에도 대전 낮 기온 34도 대구와 광주 35 도로 어제와 비슷하거나 12도 가량 높겠는데요. 계속되는 폭염에 일사병과 열사병 등 각종 온 열 질환자가 급증하고 있습니다.,1
이 낙 연 국무총리는 오늘 경기도 안성시에 있는 축산 농가와 시설 채소 농가를 잇달아 방문해 계속된 폭염으로 농장관리에 어려움을 겪고 있는 농민들을 격려했습니다.,0
이 총리는 특히 야외 작업으로 온 열 질환의 위험성이 높은 농민들의 안전과 폭염으로 인한 농작물 피해 예방 대책을 중점적으로 확인했습니다.,0
그러나 그 범위 안에 들어 있고 역시 강한 바람과 많은 비 또 이게 바닷물의 높이가 높은 기간이거든요 천문조라고 하는. 그렇게 되면 태풍은 저기압이기 때문에 기압이 낮아서 바닷물이 쑥 올라오는 그런 현상이 동반이 되는데 달 과의 관계 때문에 천문조에 다가 태풍으로 인한 해일 이런 게 우려가 돼서 어찌 됐건 남해안 쪽은 강풍과 폭우 피해가 우려가 됩니다.,0
그중에 가장 최근 2016년 2년 전 10월 5일 날짜가 비슷하게 같은 차 바라는 태풍이 이와 유사한 진로를 밟고 부산 울산에 큰 피해를 줬지 않습니까,0
그때 사망자가 8명 이렇게 나고 이랬거든요. 2000여억 원의 피해를 줬는데. 태풍은 어찌 됐건 여름 태풍이면 더 위력이 막강하고 그런데 우리가 이게 가을 태풍이지 않습니까,0
또 바람의 강도 중심 부근의 최대 풍속도 그때와 거의 유사하기 때문에 우리가 과거 사례를 비교하는 건 그때 이만큼 위력이 있었고 이렇기 때문에 유사 사례를 비교를 하고 분석을 하는 건데 지금 분명한 건 태풍 차 바와 어떤 자연현상이 똑같을 수는 없지만 유사한 강도와 그런 위력을 가지고 오기 때문에 그때 경상남도 부산 울산 지역에 주차장 넘치고 큰 피해가 났었거든요.,0
우리가 태풍은 오는 거를 알면서도 피해가 발생하고 어쩔 수 없는 부분이 있는데 인명피해 줄이기 위해서 그렇게 방송을 통해서 전파를 하고 이러는 것이죠.,0
남해안에서는 난류성 어종인 고등어와 살 오징어 갈치 어획량이 증가했고 제주 연안에서 최근 4년 간 잡힌 물고기의 40가 아 열대성 물고기였습니다.,0
때문에 고 수온에서도 양식이 가능한 새로운 어종을 개량하는 등 대안 마련이 시급하다고,0
폭염 속 어린이집 차량에서 7시간 넘게 방치돼 숨진 4살 어린이의 사망 원인을 규명하기 위한 부검이 오늘 19일 진행됐습니다.,0
앞서 김 양은 지난 17일 오후 5시 쯤 경기 동두천시에 있는 어린이집 통학차 안에서 숨진 채 발견됐습니다.,1
한강에는 밤 더위를 피해 나온 시민들이 많다고,0
시장 관리 사업소 측은 외부 고압 선로에서 시장에 전력을 공급하는 설비 일부가 타면서 사고가 난 것으로 보고 상인들의 피해 규모를 조사하고 있습니다.,1
추가 피해 없도록 조심하시기 바랍니다.,0
수산물 역 시 폭염의 ' 후 폭풍' 을 피해 가진 못해 굴 가격도 소폭 올랐습니다.,0
다행히 지난 주말 침수피해가 발생했던 충청 지방에는 10mm 미만으로 많은 비가 내리지 않았습니다.,0
특히 전 남 해안 지방에는 시간당 20mm 안팎의 다소 강한 비가 집중될 것으로 보이니까요 피해 없도록 조심하시기 바랍니다.,0
폭염 특보가 내려지면 열사병과 탈진 등 온 열 질환 가능성이 높아 지는데요. 야외 작업장 근로자들은 충분한 수분 섭취와 함께 틈틈이 그늘에서 휴식을 취해 주시 고요 창문이 닫힌 차내에 어린이나 노약자를 홀로 두지 않도록 세심한 주의가 필요하겠습니다.,0
피해 면적이 워낙 넓고 인력과 장비까지 부족해 도심 외곽 지역은 복구 작업을 시작하지 못한 곳도 많습니다.,0
이곳은 아예 손을 쓸 수 없는 상황이라 피해 주민은 발만 동동 구르고 있습니다.,0
주민들은 애가 타 하나라도 복구 해보려고 온 힘을 쏟고 있지만 추가 피해가 발생할 우려가 커 조심스럽기만 합니다.,0
수해로 입은 피해도 엄청난데 가마솥 더위까지 이어지면서 피해 주민들은 망연자실입니다.,0
어제는 군 병력과 중장비까지 동원해 복구 작업을 펼쳤지만 피해가 워낙 커 복구 작업의 속도는 더딥니다.,1
[ 앵커] 피해도 갈수록 늘고 있다고,1
하는데요. 지금까지 피해 상황은 어떻습니까,0
[ 기자] 우선 인명 피해부터 살펴보겠습니다.,0
재산피해도 심각한데요.,1
오늘 아침 기준으로 주택 860여 동이 침수돼 이재민이 506명이나 발생했고 차량 역시 천여 대가 물에 잠겼습니다.,1
하천 역시 40여 곳이 피해를 봐 복구 작업이 진행 중입니다.,1
농작물 피해 역시 심각합니다.,1
지금까지 접수된 농작물 피해 면적은 3천여 ha에 달합니다.,1
전체 재산 피해액은 200억 원을 넘어섰습니다.,1
피해 규모가 아직 산정되지 않은 곳이 많아 피해액은 서너 배 더 커질 전망입니다.,0
외곽지역 피해 면적은 가늠조차 하지 못하는 상황이다 보니 피해 복구가 완료되기까지 는 최소한 한 달 이상 걸릴 것으로 보입니다.,0
피해 주민들은 복구가 하루빨리 이뤄 져 일상으로 돌아가기를 바라며 외부에 도움의 손길을 요청하기도 했습니다.,0
■ 11조 원 규모의 추가 경정 예산안이 국회를 통과 함에 따라 공무원 2575명이 신규 채용됩니다.,0
■ 경기도 연천군 남방한계선에 있는 임진강 필승 교 수위가 한때 인명 대피 기준인 2ｍ를 넘어섰습니다.,0
합동 조사단은 오는 28일까지 정확한 피해 규모를 집계할 예정입니다.,0
두통 등 몸에 이상이 느껴 질 경우 무리한 진행은 피해 주시기 바랍니다.,0
하지만 항구적인 대책이 늦어지면서 피해가 더욱 심각 해지지 않을까,0
갑 오징어나 먹 태 튀긴 닭 발 같은 간단한 음식인데 나름대로 조리법이 독특해 '가 맥 집 '마다 그 집만의 대표 메뉴들이 있습니다.,0
아 열대성 병충해 피해 가뭄도 문제입니다.,0
소독제로 쓰일 정도로 강한 산화력을 지니고 있기 때문인데 반복되면 기관지와 폐 질환은 물론 심장 질환까지 유발합니다.,0
[ 인터뷰] 강 영각 지사가 국민보라는 잡지는 하와이 지역 한인들의 대표적인 신문인데 그중에서 영문을 주필로 하셨다는 것은 당시 하와이 이주민 사회에서 일본인들이 한인 사회보다 한 20 배 정도 규모가 컸어요.,0
그 후 지사님의 가족은 하와이와 캘리포니아에서 모든 생애와 재산을 독립운동에 바치셨습니다.,0
[ 앵커 ]6 월 중순이지만 빨리 찾아온 더위에 열사병이나 일사병 등 온 열 질환 환자가 벌써 77명이나 발생했습니다.,1
일찌감치 기승을 부린 폭염에 열사병과 일사병 등 온 열 질환 환자가 지난 15일까지 벌써 77명. 체온조절 기능이 약하고 쉽게 탈수 증상이 나타날 수 있는 4살 미만의 어린이나 75세 이상 노인 만성 질환자나 알코올 질환자는 더욱 주의가 필요합니다.,1
온 열 질환은 열사병과 일사병 열 탈진 열 경련 열 실신 등 다양하게 나타납니다.,0
특히 사망에 이를 수 있는 열사병은 환자가 발생하면 신속히 그늘로 옮기고 찬물이나 얼음물에 몸을 담가 체온을 낮춰 줘야 합니다.,0
[ 유병 욱 순천 향 대 가정의학과 교수 열사병인 경우 체온 중추가 고장이 나서 밖 기온이 높지 않더라도 체온이 40도까지 올라가면서 의식 손상이 되거든요.,0
야외활동을 자제하고 물을 자주 마시는 등 더위 피해가 없도록 주의하셔야겠습니다. 지금까지 대구 동성로에서,0
90대 할머니가 열사병 증세를 보이며 숨졌습니다.,1
97살 박 모 할머니가 열사병 증세를 보이며 숨졌다고,1
경찰은 박 할머니가 자신의 밭에서 콩대를 뽑는 일을 하다 열사병으로 의식을 잃고 쓰러져 숨진 것으로 보고 있습니다.,1
강풍 피해를 안겼던 태풍 곤 파스와 닮은 꼴이라고 합니다.,0
[ 앵커] 어찌 됐든 예상 진로를 피해가 우려되니까 더 면밀하게 체크를 해야 될 것 같은데 제 기억으로 서해안을 쭉 타고 올라가던 태풍이 피해를 준 경우가 예전에 여러 번 있었던 것 같아요.,0
[ 기자] 이렇게 진로가 바뀌면서 다행히 어제 진로 상황일 때보다도 피해가 조금 덜한 지역이 있습니다.,0
태풍 반경이 320km 정도가 되는데 우리나라 근처까지 올라왔을 때. 태풍 진로 상에서 거리를 보면 동해안 쪽은 태풍의 피해가 초속 15m 정도의 강풍 반경에서 약간 벗어납니다.,0
이렇기 때문에 피해가 더 클 가능성이 더 커질 가능성이 높아 진 상황입니다.,0
그런데 내륙에 상륙하지 않고 이렇게 해상을 통해서 올라갈 경우에는 비보다는 바람 피해가 훨씬 큽니다.,0
[ 앵커] 과거에 제가 조금 전에 말씀드렸던 이와 비슷한 경로로 움직이면서 피해를 줬던 태풍[ 기자 ]2010 년의 태풍 곤 파스입니다.,0
기억을 하실지 모르겠습니다마는 이때 서울에서 굉장히 많은 피해가 발생을 했는데 바람 피해가 굉장히 강했습니다.,0
[ 앵커] 이게 곤 파스 때 피해 상황입니까,0
저런 식으로 피해가 많이 났었습니다.,1
그다음에 외장재들이 많이 떨어지면서 굉장히 피해가 많이 났습니다.,1
서울지역에서 피해가 굉장히 심했었는데. 이때 태풍 곤 파스가 왔을 때 관측됐던 강풍이 초속 42m 가 가장 심하게 홍도에서 관측이 됐었고요.,0
그런 데 피해는 그거보다 훨씬 더 심했거든요.,0
그러면서 서울지역 수도권 지역에서 굉장히 많은 강풍 피해가 났고요.,1
대신 이럴 경우에는 비 피해는 좀 적었습니다.,0
그러니까 이번 곤 파스와 비슷한 솔릭은 비보다는 바람 피해가 강할 것이다.,0
[ 앵커] 지금 2010 년 곤 파스 때 피해 상황 보고 있는데 주로 바람 피해인데. 이번에도 대비를 철저하게 해야 될 것 같은 느낌인데요.,0
는 건데. 우선 저 바람 피해 어떻게 대비를 해야 돼요,0
어떤 게 조심해야 할 부분인지. 우선은 해안가에 있는 선박들 피해가 굉장히 우려됩니다.,0
왜냐하면 강한 바람을 동반하기 때문에 부딪히면서 또 피해가 날 수 있기 때문에 피 항을 함과 동시에 강하게 고정을 시켜 놔야 되고요.,0
그래서 해안가 지역 남해안과 서해안 지역에서는 만조 시가 겹치면서 분명히 해일과 함께 침수 피해가 우려될 수 있기 때문에 안전사고와 침수 피해 동시에 대비해야 됩니다.,0
도심 지역에서는 강풍피해를 대비를 해야 되는데 가장 중요한 건 현재 공사 중인 건물들 안전 막 같은 거를 굉장히 단단하게 결박하고 또 날아갈 수 있는 그런 시설물 같은 경우도 충분히 잘 살펴봐야 됨과 동시에 또 외부 건조물이나 건축물 같은 경우에는 바람의 피해가 없도록 단단하게 결박하는 그런 작업들을 동시에 진행을 해야 합니다.,0
한 가지 더 이렇게 바람 피해가 심할 것으로 예상이 되다 보니까 과수피해가 우려가 되고 있습니다.,0
지금 수확기가 가까워 졌거든요 추석을 앞두고.[ 앵커] 가뭄 폭염 상당히 지금 상태가 좋지 않은데.[ 기자] 그래도 살아남은 과수 농가들이 있었는데 또 이런 과일들이 있었는데 바람 피해는 굉장히 심각합니다.,0
말씀하신 대로 바람 피해가 클 것 같으니까 그에 대한 대비를 철저히 했으면 좋겠습니다.,0
올 여름 최강 폭염이 이어지며 열사병 등 온 열질환에도 비상입니다.,0
설상 가상 폭우에 이어 태풍 피해가 겹칠 것으로 우려되는 상황이었습니다.,0
일사병과 열사병 등 온 열 질환이 급증할 수밖에 없는 날씨입니다.,0
국민안전 처는 폭염 피해를 줄이기 위해 한낮에 야외 작업과 외출을 자제해 줄 것을 당부했습니다.,0
오늘 화재 예방에도 주의가 필요합니다.,0
일사병이나 열사병의 위험이 큰 만큼 오후 5시까지 바깥활동을 자제하시고요.,0
[ 앵커] 계속된 폭염으로 바닷물 온도가 높아 지면서 충남 서해안 천수만 일대 양식장에서 물고기가 집단 폐사하고 있습니다.,1
수온이 좀처럼 떨어지지 않으면서 바다 양식장 집단 폐사 등 곳곳에서 피해가 잇따르고 있습니다.,1
[ 기자] 충남 천수만 가두리 양식장입니다.,0
물 위로 죽은 물고기들이 가득 합니다.,1
치어부터 출하를 앞두고 있던 물고기까지. 폐사가 속출하면서 악취가 양식장 주위에 퍼져 나갑니다.,1
[ 김우 식 안면도 해산어 양식 협회장 이거 말로 이야기 할 수가 없어요.,0
다 키운 고기가 죽어 나가고 있으니까…] 이 일대 다른 양식장도 상황은 마찬가지입니다.,1
충남 서산 지역 가두리 양식장 10 곳에서 우 럭 등 물고기 10톤 가량이 이미 폐사했습니다.,1
태안 지역 양식장 7 곳에서도 물고기 폐사가 빠르게 진행되고 있습니다.,1
폐사한 물고기가 계속해서 물 위에 떠오르면서 하루 종일 건져 내도 감당하기 어려울 정도입니다.,0
지난 6일부터 서해안 천수만 일대 바닷물 온도가 28 도를 넘어섰는데 이는 폐사한 물고기들의 적정 서식 온도를 뛰어넘은 수준입니다.,0
동해 안과 남해안 양식장도 비상입니다.,0
넙치와 전복 등 28만여 마리가 폐사해 지금까지 6억 8천만 원 상당의 피해를 본 것으로 잠정 집계됐습니다.,1
바닷물 온도가 낮아 져야 폐사를 줄일 수 있지만 폭염이 계속 이어져 피해는 눈덩이처럼 불어날 전망입니다.,0
■ 무 더위 속에 화재가 잇따랐습니다.,1
경기도 파주와 충북 제천의 공장에서는 큰 불이 났는데 무더위 속에 불을 끄던 소방 대원이 탈진해 병원으로 옮겨 졌습니다.,1
[ 기자]■ 화 장품 원료 공장 3동 태워 …3 억 5천만 원 피해 이글거리는 화염이 용암처럼 뜨겁게 타오릅니다.,1
녹아내릴 듯한 열기 속에 20대 소방 대원 1명이 결국 탈진해 병원으로 옮겨 지기도 했습니다.,1
화재를 목격한 공장 직원은 쌓아 놓은 고체 폐기물이 폭염 속에 자연 발화한 것 같다고,0
다행히 인명피해는 없었지만 인근 지역 소방차는 물론 헬기까지 모두 동원돼 불길과 사투를 벌였습니다.,0
사상 최악의 폭염에 농작물이 말라 비틀어졌어도 살아남은 농작물 수확을 위해 농민들이 최선을 다하고 있습니다.,0
그래서 앞 의도 오늘 까지는 일단 비 피해나 바람 피해에 꼭 대비하셔야 합니다.,0
[ 앵커] 부산이나 울산 지역 비 피해 관련해서 설명을 해 주셨는데 그러면 어제부터 이렇게 내륙에서도 비가 많이 내렸던 건 이미 태풍의 영향을 받고 있었던 상황이었던 건 가요[ 반 기성] 어제는 장마 전선이었죠.,0
이렇게 분석을 해 주셨는데 앞으로 예상되는 더 피해를 클 것으로 예상되는 태풍 가능성도 있는 건 가요[ 반 기성] 지금보다는 다음에 올라오는 태풍이 상당히 강력할 것으로 보고 있습니다.,0
인도 북부 비하르주의 기온이 최고 45도까지 올라가면서 주말 동안 적어도 70명이 열사병으로 사망했습니다.,1
힌두 스탄 타임스는 지난 주말 불볕 더위로 비하르 주 아우랑가바드에서 30명 가야에서 30명 나와 다 에서 10명이 각각 숨졌다고,1
하지만 예상치 못한 복병은 ' 동네 닭' 이었다.,0
5초 간 함성까지 지르며 심기 일전했으나 김광규가 시작을 외치지 마자 꼬끼오 오오라는 닭 소리에 다 들 웃음보가 터졌다.,0
억울한 청춘들은 제작진에게 양해를 구하고 다시 한번 기회를 얻었으나 역시나 딱 맞는 타이밍에 닭이 울어 주는 바람에 청춘들은 웃음을 참지 못하고 내기는 실패로 돌아갔다.,0
발견 당시 아동은 고열과 함께 의식이 없는 열사병 증세를 보였습니다.,1
비가 내리는 동안 곳에 따라 돌풍과 벼락을 동반하며 요란하게 쏟아질 것으로 보이니까요. 산이나 계곡 등의 피서지에서는 침수와 고립 사고의 위험이 큰 만큼 피서객들은 기상정보 꼼꼼히 확인해 두 시기 바랍니다.,0
내리는 비 탓에 작업은 번거롭지만 오랜만에 농작물을 적신 비가 반갑기만 합니다.,0
■ 중부지방의 기록 적인 폭우로 지금까지 2명이 숨지고 4명이 실종되는 등 피해가 잇따랐습니다.,1
충북 청주는 사실상 도시 기능이 마비됐고 침수와 범람 등으로 이재민이 500명 넘게 발생했습니다.,1
경기지역에 한 달째 폭 염 특보가 이어지면서 온 열 질환자가 크게 늘고 밭작물 피해면적과 가축 폐사도 늘고 있습니다.,1
경기도 재난 상황실이 이번 여름 들어 집계한 온 열 질환자는 작년보다 2 배 이상 많은 716명으로 나타났고 가축 폐사는 65만 3천여 마리에 달합니다.,1
밭작물 피해면적도 7월 이후 48ha 로 작목 별로는 인삼 등 특용 작물이 38ha 복숭아와 포도 등 과수가 10ha에 달합니다.,1
경기도는 밭작물 가뭄과 고온 피해를 최소화하기 위해 가뭄대책 비 5억 원으로 평택과 안성 화성 등 7개 시· 군에 급수차 2천 35대를 지원하기로 했습니다.,0
시설물 피해 없도록 대비하셔야 겠습 니다.,0
시설물 피해 없도록 주변 점검 철저히 해 주시기 바랍니다.,0
올여름 불볕 더위로 경기 지역에서 폐사한 가축의 수가 지난해보다 크게 늘고 있습니다.,1
경기도는 지난 6월 말부터 한 달 동안 경기지역에서 폐사한 가축이 19만 마리로 집계됐다고 밝혔습니다.,1
이는 지난해 같은 기간 동안 폐사한 가축의 수보다 38 가량 높은 수치입니다.,0
경기도 관계자는 평소보다 일찍 폭염이 시작되면서 축산 농가의 피해가 늘어났다고,1
이어 시 군마다 대책을 마련하도록 하고 가축의 면역력을 키울 수 있는 영양제 등도 보급할 방침이라고 밝혔습니다.,0
저희가 조금 전에 농작물을 미리 파종하고 키우는 육묘 장에도 다녀왔는데요. 비닐하우스 안에서 땀을 흘리며 오이나 토마토 배추 모종을 준비하고 있었습니다.,0
그렇게 키운 농작물을 우리가 가정에서 9월 10월에도 먹을 수 있다고,0
일사병과 열사병 등 온 열 질환에 걸릴 위험이 커지는 만큼 주의가 필요합니다.,0
■ 달걀에 이어 닭에서도 맹독성 살충제인 DDT가 검출됐습니다.,0
[ 앵커 ]35 도가 넘는 폭염이 이어지면서 열사병 등 온 열 질환자가 예년보다 2 배나 많은 것으로 나타났습니다.,1
온 열 질환은 열사병 열 탈진 등으로 나뉘고 대처 법도 달라 제대로 된 초기 대처가 중요합니다.,0
[ 기자] 지난 15일 청주에서 폐지를 손수레에 싣고 가 던 70대 할머니가 쓰러져 병원으로 옮겨 졌지만 결국 숨졌습니다.,1
50대가 경련을 일으키고는 숨졌습니다.,1
이 가운데 81는 이번 달에 온 열 질환에 걸렸고 4명은 야외에서 일하다가 숨졌습니다.,1
온 열 질환 가운데 가장 위험한 열사병은 고온의 밀폐된 공간에 오래 머무를 경우 발생합니다.,0
가장 흔한 온 열 질환인 열 탈진 환자는 땀을 과도하게 흘려 무력감과 피로 구토 등을 호소합니다.,0
동해안의 바닷물 온도 상승으로 폐사한 양식장 물고기가 30만 마리에 육박하는 것으로 집계됐습니다.,1
경북 포항시는 지난 4일 이후 엿새 동안 포항 지역 24개 양식장에서 넙치와 강도 다리 등 23만여 마리가 폐사해 2억 2천여만 원 어치 피해가 났다고,1
또 경북 울 진과 영덕 경주 등에 있는 양식장 9 곳에서 5만 8천여 마리 양식 물고기가 죽었습니다.,1
기습 폭우와 함께 번개가 내리치면서 도심 도로의 신호등이 마비되는 등 피해도 잇따릅니다.,1
■ 녹 조 등 환경 피해를 줄이기 위해 4대 강 6개 보의 수문이 오늘 오후부터 상시 개방됩니다.,0
■ 어제 오후 전 남 담 양 지역 일대에 한 시간 가량 어른 손만한 우박이 쏟아지면서 농작물과 차량 등의 피해가 잇따랐습니다.,1
더욱 심해 지는 폭염에 일사병과 열사병 등 온 열 질환에 걸릴 가능성이 높습니다.,0
연일 폭염에 열사병과 일사병 위험이 높습니다.,0
농림 축산식품 부는 최근 폭염으로 오늘 17일 오전 9시 현재 가축 79만 마리가 폐사해 42억 원 규모의 재산 피해가 났다고,1
폐사한 가축은 닭이 75만 3천여 마리로 가장 많았고 오리 2만 6천 마리· 메추리 만 마리 돼지 3천 5백여 마리였습니다.,1
농식품 부는 올해 폭염으로 가축 폐사 피해를 본 농가는 모두 가축 재해보험에 가입된 것으로 확인됐다며 농가 34 곳에 보험금 2억 2천만 원을 지급했고 다른 농가에 대해서도 신속하게 보험금을 지급하겠다고,0
농식품 부는 폭염에 따른 가축 폐사 피해는 2015년 267만 마리에서 2016년 629만 마리 지난해 726만 마리로 급증하고 있으며 올해도 지난해 같은 기간보다 28 증가했다고,1
농식품 부는 지방자치단체와 농촌지도 기관을 통해 배포된 폭염 시 농업인 행동 요령과 가축과 축사관리 요령을 잘 지켜 폭염으로 피해를 보지 않도록 각별히 주의해 달라고 당부했습니다.,0
서울행정법원은 지난 2013년 6월 건설현장에서 일하다 숨진 당시 47살 오 모 씨의 유족이 업무상 재해를 인정해 달라며 낸 소송에서 유족의 손을 들어줬습니다.,0
법원은 또 지난 2013년 8월 자동차 정비공장 신축 현장에서 일하다 숨진 당시 55살 조 모 씨의 유족이 업무상 재해를 인정해 달라며 낸 소송에서도 유족의 손을 들어줬습니다.,0
이런 폭염에는 일사병과 열사병 등 온 열 질환이 급증합니다.,0
내일은 전국에 장맛비가 내리며 주춤 하지만 호우 피해가 우려된다고 합니다.,0
폭염에 이어 호우 피해가 우려되는 만큼 주변 시설물 점검 꼼꼼히 해 주시기 바랍니다.,0
[ 기자] 기록 적인 무더위가 한반도를 뒤덮기 시작한 지난달 중순 이후 크고 작은 폭염 피해가 잇따르면서 119 신고 전화가 쉴 새 없이 울렸습니다.,0
또 말벌의 활동이 왕성 해지면서 벌집을 제거해 달라는 요청도 천여 건이 늘었고 에어컨 화재를 중심으로 화재도 3백 건 넘게 증가했습니다.,1
이 넘는 방화 복과 안전모에 각종 구조 구급 장비를 들고 뛰다 보면 탈진의 우려가 클 수밖에 없습니다.,0
아마도 임 태 훈 소장이 동성애자로서 역할을 했다라는 부분들을 알지 못하는 사람들이 많기 때문에 이걸 에둘러서 알리면서 정치적 목적을 달성하고 있었던 것이 있는데 군인 귄 센터가 그동안 주장했던 것이 NGO로 주장한 것이 아니라 뭔 가 다른 목적이 있는 것은 아니냐라고 정치적 피해를 감수하면서 아마 김성태 원내 대표가 이렇게 메시지를 던진 게 아닌가 생각이 듭니다.,0
그리고 심지어 얼마 전에 있었던 차량은 GT 차량에서도 화재가 났기 때문에 그러니까 지금 종류를 가리지 않고 BMW 차량에서 이와 같은 화재가 발생하고 있어서 국민적 불안이 가중되고 있는 건데 대한민국에서 유독 520d에 대한 실질적인 소비가 굉장히 많이 이뤄 졌습니다.,0
그러다 보니까 지금 미국이나 영국에서는 BMW 관련된 화재 등에 대한 사고가 나고 대규모 리콜 조치가 있기도 했는데 대한민국에서 유독 이런 상황들이 발생할 것에 대한 우려가 충분히 감지되면서 너무 BMW 측에서 안이하게 대처한 것은 아닌가.,0
[ 앵커] 그러니까 BMW 화재의 경우에 이 레몬 법 적용 자체가 어려울 수도 있다는 거죠,0
어찌 됐든 화재는 계속 나고 있고요.,0
지금까지 아직 까지 인명피해는 없었던 것 같은데 잘못하면 불이 엔진에서 나기 때문에 있을 수 있기 때문에 운전자 여러분들도 조심하셔야 될 것 같고 제조사 그리고 국토 부에서 말씀드린 대로 정확하게 설명을 책임 있는 설명을 했으면 하는 바람입니다.,0
하지만 서울과 대전 광주는 내일도 37 도를 오르내리는 심한 폭염이 맹위를 떨칠 것으로 보여 열사병 등 온 열 질환에 대한 주의가 필요합니다.,0
[이 규석 충남 아산시 모종동 원래는 월초나 말에 오는데 너무 더워서 조금 피해서 온다고 왔는데 동해안이 원래 물이 차가운데 의외로 물이 따뜻해서 놀기에는 정말 좋은 것 같아요.],0
또 현기증이나 구토 등 열사병 초기 증세가 나타나면 서늘한 그늘로 이동해서 충분한 휴식을 취해 주시기 바랍니다.,0
열사병과 열 탈진 등 온 열 질환에도 비상이니까요. 한낮에 장시간 야외활동은 피하시고 카페인 음료보다는 물을 자주 마시는 등 건강관리에 신경 쓰셔 야겠 습니다.,0
조금 전 10시부터 시작됐는데요. 특위는 정부와 업체 관계자들을 상대로 가습기 살균제 피해 사고의 책임 소재와 재발방지 대책을 추궁할 계획입니다.,0
[ 앵커] 오늘 경주의 낮 최고 기온이 39.2 도로 전국 최고 기온을 기록한 가운데 대구 경북 지역의 폭염으로 가축 폐사가 잇따르고 있습니다.,1
무더위 속에 터널 안 자동차 추돌사고와 주택 화재로 인명피해가 잇따랐습니다.,0
대구· 경북 지역에는 연일 계속된 폭염 경보와 폭염주의 보로 축산 농가의 피해가 증가하고 있습니다.,1
경북 지역에서는 올여름 더위로 닭 7만 3천 800여 마리를 비롯해 메추리 5천여 마리 돼지 235마리 등 가축 7만 9천여 마리가 폐사했습니다.,1
가축 관리에 지친 농민들은 폭염이 수그러들기만 바라고 있습니다.,1
화재 사고도 잇따랐습니다.,0
다가구주택 지하 1 층에서 화재가 발생해 집 안에 있던,0
46살 홍 모 씨가 연기에 질식해 숨졌습니다.,0
50대 집주인이 숨진 채 발견됐습니다.,0
경찰은 현장 감식을 실시해 화재 원인을 가리기로 했습니다.,0
아까도 저희가 차량 2 부 제 같은 경우에도 조건을 규정하기가 어려운 부분들이 있는 게 아마 경유차량을 갖고 생업에 종사하시는 분들이 있는데 그런 부분들을 저희가 어떻게 피해가 가지 않으면서 하게 할 거냐라는 것은 아주 세부적으로 디테일한 많은 논의가 있을 거라고 생각됩니다.,0
그런데 어떻게 미세 먼지에 대한 외교 발언이 환경부 장관이 먼저 발언을 하시고 또 그게 중국의 인정이 있었다 라면 괜찮았겠지만 이렇게 서로 어긋나는 모습을 보였을 때는 저는 환경부 장관님이 약간 성급하게 발언을 하셨다라고 하는 그런 비난에는 피해 가기는 어려울 것이라고 보고 있고요.,0
비 피해 없도록 미리 대비하시기 바랍니다.,0
특히 얼마 전 기록 적인 폭우로 큰 피해를 입은 서 일본 지역 주민들은 이번엔 무더위와 싸우며 힘겨운 생활을 이어 가고 있습니다.,1
연일 계속되는 불볕 더위로 인명피해도 속출하고 있습니다.,1
일사병과 열사병 증세로 병원으로 이송된 환자가 1500명이 넘었고 사망자도 잇따르고 있습니다.,1
[ 야마 모토 이시 히로 자원봉사자 1995년 고베 대지진 때 피해를 입었는데 그때 자원봉사자들의 도움을 받은 경험이 있습니다.],0
이렇게 얘기를 하기도 하는데 이 태풍 솔릭은 바람도 강하고 많은 수증기를 포함하고 있어서 지리산 같은 데 이 태풍이 가까이 와서 부딪히면 400mm 이상 23일과 24일 사이에 그런 폭우가 올 가능성도 있는데. 400mm 이상이라는 얘기는 그게 500mm 600mm 가 될 수도 있는 그럴 가능성도 있는 상황이기 때문에 비 피해 바람 피해가 우려되는 상황입니다.,0
[ 앵커] 본부장님 그리고 이번 태풍 특징 가운데 하나가 올라오는 데 상당히 느리게 올라오기 때문에 피해가 더 크다고,0
그러한 제트 기류가 지금도 힘이 약하기 때문에 이 태풍이 우리나라 제주도 부근에 접근해서 우리나라를 빠져나갈 때까지 약 하루 반 정도 느리게 이동할 것으로 전망이 되기 때문에 그래서 큰 피해가 우려가 되는 거죠.,0
태풍의 영향권에서 5 시간 들어 있는 것과 24 시간 들어 있는 것과 30 시간 들어 있을 때 그 피해는 규모는 완전히 다르거든요.,0
그래서 이동 속도가 느리기 때문에 더 큰 피해가 우려됩니다.,0
이번 태풍 피해 우려되는 지역이 상당히 많은데 가장 우려되는 지역이 어디고요.,0
그러나 중심에 가까운 서울경기 충청도 전라남도. 그러니까 우리 한반도 서쪽이 더 큰 피해 가능성이 있고요.,0
연일 폭염과 더불어 고 수온 현상이 이어지는 가운데 전 남지역 양식장 물고기 집단 폐사가 잇따르고 있습니다.,1
전라 남도는 전 남 신안군 압해도에 있는 가두리 양식장에서 기르는 돌 돔 64만 마리 중에 7만 마리가 폐사했다고,1
아울러 전 남 여수 남면에 있는 육상 양식장에서도 넙치 천 8백 마리가 집단 폐사해 조사에 나섰습니다.,1
4살 어린이가 숨져 경찰이 수사에 나섰습니다.,0
오늘 17일 오후 4시 50분 쯤 경기도 동두천시에 있는 어린이집 통원 차량 안에서 4살 A 양이 숨진 채 발견됐습니다.A,0
양은 오늘 오전 다른 원생과 함께 차량을 타고 어린이집에 왔지만 차에서 내리지 못했고 뒤늦게 어린이집 관계자들이 A 양을 찾았을 때는 이미 숨진 상태였습니다.,0
경찰은 숨진 어린이의 사인을 조사함과 동시에 어린이집 교사 운전기사 등을 상대로 사건 경위를 조사하고 있습니다.,0
저지대에서는 침수 피해가 없도록 각별히 주의하시기 바랍니다.,0
세월 호 참사 역시 4년 만에 처음으로 국가 책임이 있다는 판결이 나왔는데요. 법원은 세월 호 참사 당시 국가가 초동 대응과 구조활동을 제대로 하지 못해 피해를 키웠다고,0
지난 2009년 구조조정 된 쌍용 차 노동자 100여 명은 전원 복직 합의에도 불구하고 여전히 복직되지 않았는데요 .10 년 동안 30명의 노동자가 숨졌지만 해고 노동자들은 언제쯤 회사로 돌아갈 수 있을지 기약 없이 기다리고 있습니다.,0
제주도에 이어서 이제 내륙 지역에 태풍이 강타되면서 큰 피해가 잇따를 것으로 보이는데요. 자세한 진로도를 보시죠.,0
바람 피해에 대비를 하셔야겠는데요. 해안지역 오늘 초속 50m 이상 내륙에도 초속 3040m 의 강풍이 불 것으로 예상됩니다.,0
호우 피해도 대비해야 될 것 같은데 어떻게 해야 할까요[ 캐스터] 바람도 바람이지만 말씀하신 대로 비 피해도 있을 것으로 예상됩니다.,0
해 일 피해도 걱정입니다.,0
해안 지역 서해안과 남해안 지역은 해일 피해에도 대비가 필요한 데요.,0
모든 해상에는 5에서 최고 8m 의 매우 높은 물결이 일 것으로 보이니까요. 선박 피해 없도록 대비하셔야 겠습 니다.,0
[ 앵커] 모쪼록 피해는 최소화됐으면 하는 바람이기는 한데 혹시 라도 순기능이라고 하면 순기능이 있을까요,0
일단 지금 말씀드리는 순기능은 모두 태풍 피해가 크지 않다는 전제 하에서 통용될 수 있는 얘기일 것 같은데요.,0
그리스 당국은 최근 40 도가 넘는 고온 현상이 이어지자 산불 발생 위험을 경고하고 관광객 등의 열사병을 우려해 유명 관광지인 아크로 폴리스를 폐쇄했습니다.,1
지금까지 급수 불량이나 단수로 피해를 본 곳만 만 천여 세대. 평택시는 하루 23만 톤이 공급돼야 하지만 현재 18만 톤 정도만 유입되고 있다며 수원이나 화성 같은 인근 지자체에서 더위 탓에 평소보다 물을 많이 가져가면서 공급량이 줄었다고,1
[ 앵커] 불 볕 더위를 견디기 힘든 건 사람뿐만 아니라 가축들도 마찬가지입니다.,1
폭염을 견디다 못해 폐사한 가축 수가 크게 늘면서 5년 만에 최다를 기록했습니다.,1
천장에서 물을 뿌려 온도를 낮추려고 하지만 닭들은 축 늘어져 있습니다.,1
산란계 농장도 곳곳에 폐사한 닭이 눈에 띕니다.,1
[ 김 동원 산란계 농장주 계란 산란율이 많이 떨어지고 있고 닭의 폐사가 많이 나오는 상태이고 닭도 힘들어 하고 있으면서 저희 농가들도 굉장히 힘든 상태입니다.],1
지난달부터 내려갈 줄 모르는 수은주 탓에 닭 오리 돼지 등 가축 폐사 피해가 급증하고 있습니다.,1
가축 재해보험에 가입한 농가에서만 한 달 사이 274만 2천여 마리가 폐사했습니다.,1
폭염 피해가 컸던 지난해보다도 24만 마리 넘게 증가하면서 최근 5년 사이 최대 피해를 기록하고 있습니다.,1
닭이 265만 마리 넘게 죽었고 메추리 6만 마리 오리가 2만 마리 돼지가 4천여 마리가 폐사했습니다.,1
지역별로는 전 북에서 백만 마리 넘게 피해를 봤고 충남과 전 남 경기도 순으로 피해가 컸습니다.,1
푹푹 찌는 더위가 곧 끝나지 않을 것으로 예상되는 만큼 농가 피해는 더욱 커질 것으로 우려됩니다.,1
새벽 기온이 27.2 도를 넘어 많은 시민이 잠을 설쳤는데요. 팔공산 등지에는 열대야를 피해 아예 텐트를 치고 숙식을 해결하는 사람들도 많습니다.,1
이런 폭염이 수년 전부터 는 5월과 9월까지 확대되면서 대규모 정전사태와 인명 재산 피해가 늘고 있습니다.,1
인공지능을 활용해 도시 규모의 폭염까지 예측해 극심 해지는 폭염과 열대야 같은 위험한 기상 상황에 대응할 수 있도록 하겠다는 것입니다.,1
질병관리본부는 올해 여름 폭염으로 인한 건강피해를 모니터링하기 위해 ' 온 열 질환 응급실 감시체계 '를 가동한다고 밝혔습니다.,1
지난해 폭염으로 접수된 온 열 질환자 수는 4천 526명으로 이 가운데 48명이 숨졌습니다.,1
■ 달걀에 이어 닭에서도 맹독성 살충제인 DDT가 검출돼 식용으로 유통됐을 가능성이 큰 것으로 확인됐습니다.,0
사과하고 농가가 입은 손해를 꼭 갚아 드리겠다고,0
지금까지 부상자 2명이 발견됐는데 매몰된 사람이 더 있을 것으로 보여 피해가 늘어날 것으로 우려됩니다.,1
■ 지난 4월 7년 만에 적자를 기록했던 우리나라의 경상수지가 5월에는 다시 흑자로 돌아섰지만 흑자의 규모는 1년 전 같은 달보다 40 넘게 줄어든 것으로 나타났습니다.,0
■ 1990년대 ' 한보 사태 '를 일으킨 정 태수 전 한보그룹 회장이 지난해 에콰도르에서 숨진 것을 검찰이 공식 확인 발표했습니다.,0
하지만 전 남과 제주도에 앞서 보신 리포트에서 확인했듯이 태풍으로 인한 피해가 발생했고 앞으로 태풍이 강원도를 지나면서 피해를 줄 가능성을 배제할 수는 없습니다.,1
보이는데요. 일단 피해가 발생하기 전에 태풍의 위험성을 고지하는 게 우리 언론이나 관련 부처에서 해야 할 일이기 때문에 따라서 이번 약화한 채로 태풍이 잘 지나가서 예상보다 피해를 덜 남긴다면 다행인 일인 것 같습니다.,0
[ 캐스터] 태풍이 서로 같은 시기에 발달을 해서 지금 솔릭은 한반도를 관통하고 있고 시마론은 솔릭보다 더 강한 태풍이었는데요. 지금 열도를 관통해서 많은 피해를 남겼고 지금 동해상으로 진출을 해 있는 상태입니다.,0
[ 앵커] 많이 걱정을 했는데 이번 태풍 큰 피해는 없어서 다행인 것 같습니다.,0
태풍은 목요일쯤 강한 세력을 유지한 채 한반도를 관통할 것으로 보여 피해가 우려됩니다.,0
서울에는 사흘째 폭 염 경보가 이어지고 있는데요 더위를 피해 해수욕장으로 몰린 시민이 많다고,1
모래밭에서는 모래성을 쌓는 아이들도 볕을 피해 파라솔이나 텐트에서 휴식을 취하는 분들이 있습니다.,0
높은 수온 때문으로 추정되는 전복 폐사와 해파리 떼 출현에 이어 적조까지 어민들의 시름이 깊어지고 있습니다.,1
가두리 양식장이 밀집된 전 남 여수 해역에 적조 주의보가 내려지면서 수산당국이 방제작업을 벌이고 있습니다.,1
적조가 양식장 근처까지 출현하자 어민들은 어선으로 물보라를 일으키며 적조 띠를 흩어 놓기 위해 애를 씁니다.,1
특히 추석 대목을 한 달도 남겨 두지 않은 상황에서 집단 폐사라도 나타나지 않을지 전전긍긍하고 있습니다.,0
[ 황재 곤 가두리 양식장 어민 걱정이야 많이 되죠.,0
올해 여름 기록 적인 폭염으로 높은 수온이 유지되면서 이미 양식 어패류가 많이 약해진 상태 여서 어민들은 발만 동동 구르고 있습니다.,1
학교 4천여 곳에 휴교령이 내렸고 인명 피해도 잇따랐습니다.,1
프랑스는 지난 2003년 최악의 폭염으로 2주 동안 만 5천여 명이 사망하는 등 큰 피해를 본 기억에 당국이 바짝 긴장하고 있습니다.,1
대 노인이 일사병으로 사망하고 17세 청소년이 수영장에서 의식을 잃고 숨졌습니다.,1
다행히 사고 당시 다리를 지나던 차량이 많지 않아 피해는 발생하지 않았습니다.,0
폭염 특보가 전국으로 확대 강화되면서 열사병과 탈진 등 온 열 질환 위험성이 큽니다.,0
무더위가 기승을 부리면서 전 북지역의 가축 피해가 늘고 있습니다.,1
전라 북도가 어제 기준 가축 폐사 신고를 집계한 결과 닭 64만 6천여 마리 오리 8천 8백 마리 돼지 900여 마리 등 모두 65만여 마리가 폐사했습니다.,1
가축 폐사 신고는 전 북에 폭염 특보가 내린 지난 20일 이후 급증하고 있습니다.,1
낮 기온이 35도 가까이 오를 것으로 예상되는 가운데 기상청은 일사병이나 열사병 같은 온 열 질환에 대한 각별한 주의를 당부했습니다.,0
피해 없도록 대비 잘해 주시기 바랍니다.,0
폭염이 장기화되며 일사병과 열사병 등의 온 열 질환에 비상입니다.,1
